track_id,danceability,energy,loudness,speechiness,acousticness,instrumentalness,liveness,valence,tempo,duration_ms,track_popularity
2VzCjpKvPB1l1tqLndtAQa,0.807,0.595,-7.19,0.0325,0.31,2.44e-05,0.0735,0.392,92.491,239845,93
3azJifCSqg9fRij2yKIbWz,0.645,0.534,-10.8,0.0479,0.157,0.0,0.0863,0.463,105.02,226467,89
2ksyzVfU0WJoBpu8otr4pz,0.593,0.641,-12.727,0.0992,0.426,0.901,0.122,0.147,175.014,142839,89
4h4QlmocP3IuwYEj2j14p8,0.768,0.714,-5.11,0.0401,0.352,0.0,0.15,0.842,131.443,163026,88
6I3mqTwhRpn34SLVafSH7G,0.601,0.741,-5.569,0.0478,0.185,2.91e-05,0.415,0.441,153.96,153190,88
50nfwKoDiSYg8zOCREWAm5,0.788,0.859,-2.724,0.0856,0.281,0.0,0.0424,0.822,141.02,207853,88
5wANPM4fQCJwkGd4rN57mH,0.561,0.431,-8.81,0.0578,0.768,1.42e-05,0.106,0.137,143.875,242013,87
4ZtFanR9U6ndgddUvNcjcG,0.563,0.664,-5.044,0.154,0.335,0.0,0.0849,0.688,166.928,178147,87
5CZ40GBx1sQ9agT82CLQCT,0.38,0.339,-7.885,0.0338,0.691,0.0,0.12,0.0849,100.607,229227,87
6Uj1ctrBOjOas8xZXGqKk4,0.824,0.764,-4.175,0.0854,0.0888,0.00294,0.117,0.881,107.998,172627,87
3cBsEDNhFI9E82vPj3kvi3,0.505,0.657,-5.24,0.0318,0.373,0.00107,0.126,0.252,196.0,178520,87
3rmo8F54jFF8OgYsqTxm5d,0.807,0.893,-3.745,0.0347,0.0451,2.79e-05,0.366,0.537,126.011,230747,87
5HCyWlXZPP0y6Gqq8TgA20,0.591,0.764,-5.484,0.0483,0.0383,0.0,0.103,0.478,169.928,141806,87
3uUuGVFu1V7jTQL60S1r8z,0.671,0.636,-8.117,0.103,0.515,0.000411,0.172,0.262,120.966,148197,87
6zSpb8dQRaw0M1dK8PBwQz,0.796,0.798,-6.312,0.0317,0.034,4.19e-05,0.0952,0.942,116.032,202735,87
4RVwu0g32PAqgUiJoXsdF8,0.332,0.225,-8.697,0.0348,0.767,0.00349,0.128,0.297,81.055,298899,87
0T5iIrXA4p5GsubkhuBIKV,0.539,0.508,-6.05,0.0288,0.727,0.0,0.174,0.227,101.358,177720,86
6HU7h9RYOaPRFeh0R3UeAr,0.442,0.612,-7.222,0.112,0.584,5.7e-06,0.37,0.178,180.917,215507,86
6odrHMSLjP3aOXC4ipKUC6,0.775,0.465,-8.365,0.365,0.609,3.23e-05,0.114,0.707,169.781,223993,86
567e29TDzLwZwfDuEpGTwo,0.591,0.764,-5.484,0.0483,0.0383,0.0,0.103,0.478,169.928,141806,86
40iJIUlhi6renaREYGeIDS,0.666,0.465,-8.545,0.26,0.0503,0.0,0.215,0.292,167.937,291175,86
5enxwA8aAbwZbf5qCHORXi,0.631,0.518,-8.771,0.0303,0.274,0.0,0.088,0.205,93.023,613027,86
7EkWXAI1wn8Ii883ecd9xr,0.345,0.941,-9.918,0.0466,3.84e-05,0.633,0.0511,0.407,179.626,147062,86
5ZduaRci3iNUiDfJbBfAaf,0.874,0.869,-5.996,0.0315,0.00116,0.00238,0.164,0.726,126.027,102861,85
2tGvwE8GcFKwNdAXMnlbfl,0.395,0.443,-9.72,0.133,0.765,9.67e-06,0.0839,0.338,168.924,175933,85
1qrpoAMXodY6895hGKoUpA,0.632,0.773,-4.856,0.0346,0.0623,0.0,0.0885,0.474,130.033,231124,85
5fwSHlTEWpluwOM0Sxnh5k,0.762,0.766,-3.955,0.0343,0.00776,6.98e-05,0.128,0.442,130.001,287120,85
4qu63nuBpdn0qHUHuObEj1,0.721,0.738,-4.77,0.0403,0.00226,4.41e-06,0.118,0.637,119.976,154983,85
2JPLbjOn0wPCngEot2STUS,0.644,0.648,-4.601,0.118,0.276,0.0,0.135,0.44,179.951,206710,85
5JCoSi02qi3jJeHdZXMmR8,0.369,0.272,-10.497,0.0364,0.866,0.0,0.147,0.218,172.929,152667,85
1Ov37jtRQ2YNAe8HzfczkL,0.583,0.67,-7.289,0.0646,0.0374,0.0001,0.126,0.498,140.061,220433,85
22bPsP2jCgbLUvh82U0Z3M,0.402,0.732,-4.665,0.0484,0.0033,0.0,0.108,0.472,161.032,243137,84
0e8nrvls4Qqv5Rfa2UhqmO,0.737,0.846,-4.51,0.22,0.00614,0.0,0.0486,0.546,87.981,143901,84
0gplL1WMoJ6iYaPgMCL0gX,0.604,0.366,-7.519,0.0282,0.578,0.0,0.133,0.13,141.981,224695,84
4pt5fDVTg5GhEvEtlz9dKk,0.75,0.608,-4.008,0.0387,0.00165,0.0,0.178,0.958,132.507,173347,84
46HNZY1i7O6jwTA7Slo2PI,0.573,0.711,-6.268,0.0406,0.0114,0.0,0.328,0.47,105.006,226198,84
46IZ0fSY2mpAiktS3KOqds,0.604,0.366,-7.519,0.0282,0.578,0.0,0.133,0.13,141.981,224695,84
2BcMwX1MPV6ZHP4tUT9uq6,0.849,0.424,-9.579,0.324,0.0635,0.0,0.0834,0.153,145.887,242966,84
3QFInJAm9eyaho5vBzxInN,0.711,0.611,-5.453,0.33,0.00588,0.0,0.23,0.144,134.093,252262,84
3CLSHJv5aUROAN2vfOyCOh,0.784,0.572,-9.853,0.0573,0.0748,0.843,0.139,0.209,96.181,132346,84
3L1JHXiqNOJ57w3n2R3HyU,0.231,0.976,-27.426,0.0487,0.152,0.987,0.48,0.00672,96.552,131500,84
4iJyoBOLtHqaGxP12qzhQI,0.677,0.696,-6.181,0.119,0.321,0.0,0.42,0.464,90.03,198082,84
4fouWK6XVHhzl78KzQ1UjL,0.695,0.54,-5.692,0.0493,0.299,0.0,0.367,0.415,121.932,168602,84
27NovPIUIRrOZoCHxABJwK,0.736,0.704,-7.409,0.0615,0.0203,0.0,0.0501,0.894,149.995,212000,83
3FeVmId7tL5YN8B7R3imoM,0.588,0.701,-6.39,0.0402,0.00813,0.0,0.2,0.443,104.988,228000,83
4gzsuuZypVbxs0Af1LSZyB,0.639,0.703,-6.33,0.0794,0.0889,1.78e-06,0.0865,0.138,169.888,207301,83
37BZB0z9T8Xu7U3e65qxFy,0.65,0.825,-4.645,0.0325,0.0215,2.44e-05,0.0936,0.593,118.091,191014,83
02VBYrHfVwfEWXk5DXyf0T,0.586,0.616,-7.964,0.0324,0.182,0.0,0.0927,0.719,148.088,242096,83
0MMyJUC3WNnFS1lit5pTjk,0.695,0.575,-6.334,0.116,0.198,0.0,0.0614,0.699,163.929,173160,83
4jPy3l0RUwlUI9T5XHBW2m,0.701,0.716,-3.671,0.0361,0.174,0.0,0.324,0.732,91.007,140533,83
0k4d5YPDr1r7FX77VdqWez,0.828,0.621,-6.414,0.0565,0.0164,0.00233,0.0845,0.436,128.986,186173,83
6mmPpaltUZK7xjNlBPQQ0p,0.869,0.694,-3.35,0.0783,0.356,0.00125,0.0878,0.511,90.02,224997,83
20on25jryn53hWghthWWW3,0.854,0.806,-8.262,0.0886,0.0209,0.0542,0.0703,0.637,124.927,157890,83
65OVbaJR5O1RmwOQx0875b,0.578,0.449,-6.349,0.286,0.0618,2.17e-06,0.119,0.1,136.006,192956,83
1r9xUipOqoNwggBpENDsvJ,0.728,0.783,-4.424,0.266,0.237,0.0,0.434,0.555,77.011,173381,83
18asYwWugKjjsihZ0YvRxO,0.754,0.763,-4.627,0.0435,0.0301,2.23e-05,0.0901,0.464,117.953,164819,83
5RBOcBpJXaNnHCGViJmYhh,0.485,0.89,-5.992,0.0911,0.000872,0.818,0.102,0.258,128.881,194423,82
3Vi5XqYrmQgOYBajMWSvCi,0.664,0.609,-6.509,0.0707,0.304,0.0,0.0926,0.194,130.041,210560,82
18vXApRmJSgQ6wG2ll9AOg,0.789,0.536,-6.862,0.242,0.41,0.0,0.129,0.437,81.039,165926,82
4XvcHTUfIlWfyJTRG0aqlo,0.829,0.512,-5.865,0.187,0.492,0.0,0.12,0.638,80.511,123987,82
4S4QJfBGGrC8jRIjJHf1Ka,0.829,0.617,-8.497,0.14,0.227,0.00306,0.0618,0.81,125.605,98544,82
69AIpwGNLxr4qS1X5ynx60,0.586,0.559,-6.725,0.05,0.639,0.0,0.0872,0.437,177.945,167480,82
4NgherJDfCXWBZBYheM4jK,0.627,0.123,-14.411,0.0316,0.859,0.00105,0.149,0.11,131.883,120429,82
3CeCwYWvdfXbZLXFhBrbnf,0.626,0.79,-4.302,0.0311,0.135,3.97e-06,0.0989,0.416,119.082,235767,82
4OwhwvKESFtuu06dTgct7i,0.75,0.522,-7.018,0.0293,0.282,0.0,0.0743,0.601,110.427,321556,82
3DarAbFujv6eYNliUTyqtz,0.764,0.705,-3.463,0.0284,0.259,8.92e-05,0.12,0.781,110.97,208667,82
4cktbXiXOapiLBMprHFErI,0.775,0.327,-7.241,0.0557,0.841,0.0,0.0821,0.595,91.05,189486,82
5ajjAnNRh8bxFvaVHzpPjh,0.386,0.426,-6.642,0.0363,0.807,0.0,0.14,0.261,180.104,203385,82
5r43qanLhUCdBj8HN3fa6B,0.697,0.875,-4.621,0.034,0.137,0.0,0.28,0.774,140.069,163855,82
0sTlGEld0h8kIPZaKDYUf4,0.309,0.883,-3.825,0.0808,0.0673,0.00111,0.0849,0.312,159.488,195121,82
1SC5rEoYDGUK4NfG82494W,0.593,0.503,-6.725,0.22,0.293,0.0,0.405,0.71,178.781,137704,82
6huNf4dutXRjJyGn7f5BPS,0.732,0.678,-4.977,0.0886,0.0867,2.41e-05,0.112,0.196,100.626,211421,81
2USlegnFJLrVLpoVfPimKB,0.67,0.896,-4.673,0.058,0.0342,3.21e-05,0.344,0.403,101.216,160000,81
6GomT970rCOkKAyyrwJeZi,0.848,0.821,-5.408,0.0527,0.0169,0.000403,0.0962,0.249,125.051,157445,81
3Kkjo3cT83cw09VJyrLNwX,0.534,0.725,-3.906,0.046,0.091,0.0,0.0264,0.55,88.098,225149,81
34lfu3S4fIcKZRNXzbdbo7,0.822,0.981,-1.321,0.109,0.000593,0.748,0.0938,0.404,115.005,133565,81
5OELUCYgOHKFAvCERnAvfS,0.62,0.869,-5.479,0.0462,0.615,0.0,0.131,0.597,126.019,216573,81
5zFglKYiknIxks8geR8rcL,0.713,0.676,-5.483,0.027,0.0377,0.0,0.154,0.721,99.048,227395,81
2vmfvSoZBFAt9hhRoEByLi,0.725,0.86,-3.726,0.182,0.422,0.000284,0.0674,0.791,175.896,230125,81
32BeYxKPrig1LefHsC0Xuo,0.334,0.599,-5.742,0.0365,0.0468,0.000392,0.205,0.127,161.74,151444,81
5uEYRdEIh9Bo4fpjDd4Na9,0.841,0.593,-7.846,0.0379,0.418,0.0,0.124,0.808,124.917,162803,81
4fSIb4hdOQ151TILNsSEaF,0.78,0.718,-3.605,0.0506,0.31,0.000163,0.0932,0.342,127.949,199604,81
7hU3IHwjX150XLoTVmjD0q,0.831,0.554,-9.998,0.218,0.161,6.12e-05,0.152,0.396,140.026,168228,81
186NCtNk1tUYS7c2DxgJ7O,0.437,0.384,-8.384,0.042,0.699,2.33e-05,0.121,0.181,139.009,209947,81
4cG7HUWYHBV6R6tHn1gxrl,0.824,0.862,-3.424,0.126,0.0076,0.000132,0.303,0.801,122.98,169153,81
7nc7mlSdWYeFom84zZ8Wr8,0.672,0.717,-7.476,0.226,0.103,0.0,0.398,0.473,157.905,180380,81
3J8EOeKLTLXORtWPpOU5bE,0.907,0.393,-7.636,0.0539,0.451,1.35e-06,0.135,0.202,104.949,205458,81
6YvqWjhGD8mB5QXcbcUKtx,0.627,0.792,-4.311,0.031,0.13,3.97e-06,0.0845,0.415,119.054,235767,81
1D3z6HTiQsNmZxjl7F7eoG,0.597,0.587,-7.026,0.137,0.0622,0.0,0.214,0.0753,140.021,218802,81
7BbaIYAdi3pg4MGl6PHwPv,0.693,0.575,-7.633,0.0906,0.121,0.0,0.104,0.353,138.016,160052,81
2prnn41CblB8B4yWACDljP,0.621,0.989,-4.225,0.0434,0.015,0.357,0.184,0.0348,126.002,158095,81
0mKnuxVkPi5h0kuvZl44VM,0.549,0.44,-8.192,0.0264,0.232,7.37e-06,0.107,0.214,128.01,293707,80
3EG9FJ0ToLfgnc1IG2Z1wz,0.468,0.652,-4.912,0.0722,0.333,0.000318,0.55,0.39,140.223,588139,80
748mdHapucXQri7IAO8yFK,0.762,0.701,-3.541,0.0286,0.235,0.000158,0.123,0.742,110.968,208867,80
77sMIMlNaSURUAXq5coCxE,0.569,0.741,-4.963,0.0282,0.0122,0.0,0.333,0.43,100.118,241592,80
0uRrG2jRR5tuifsYIJHEao,0.403,0.537,-6.628,0.031,0.59,0.0,0.112,0.414,69.877,202133,80
6ZOcbKub95XSDESsKKuH41,0.869,0.694,-3.35,0.0783,0.356,0.00125,0.0878,0.511,90.02,224997,80
5Z9KJZvQzH6PFmb8SNkxuk,0.741,0.691,-7.395,0.0672,0.0221,0.0,0.0476,0.892,150.087,212353,80
6f5ExP43esnvdKPddwKXJH,0.717,0.671,-5.077,0.0337,0.0018,2.54e-06,0.0921,0.699,110.054,160657,80
5lAnYvAIkSDNXqfo7DyFUm,0.855,0.488,-4.601,0.208,0.506,0.0,0.347,0.619,124.097,174253,80
3zwMVvkBe2qIKDObWgXw4N,0.581,0.619,-6.524,0.0282,0.769,0.000106,0.117,0.645,137.915,245027,80
0dGqP4VickYjtIaB5VOt4H,0.451,0.627,-4.59,0.127,0.591,0.00958,0.118,0.77,74.69,184000,80
0b18g3G5spr4ZCkz7Y6Q0Q,0.758,0.913,-2.926,0.113,0.00364,6.92e-05,0.193,0.658,128.04,186210,80
1PDP7mLiAMwhfmgIwzhOm2,0.476,0.161,-11.665,0.0407,0.967,0.0381,0.109,0.0908,119.614,133763,80
6nqdgUTiWt4JbABDurkxMI,0.615,0.521,-9.488,0.0318,0.146,0.772,0.11,0.045,115.016,171385,80
0G2zPzWqVjR68iNPmx2TBe,0.659,0.688,-4.649,0.0673,0.207,0.0,0.113,0.632,153.979,273474,80
5YqltLsjdqFtvqE7Nrysvs,0.567,0.686,-6.139,0.175,0.0317,1.86e-06,0.0732,0.716,172.014,193147,80
4HzqWEdAbzcVFDv0pvxV4w,0.762,0.77,-2.758,0.223,0.138,0.0,0.15,0.631,177.998,201181,80
3eJH2nAjvNXdmPfBkALiPZ,0.774,0.792,-4.021,0.0523,0.051,0.0,0.155,0.507,122.062,139672,80
1FlL8ycld6uVDDyhV7P5FA,0.765,0.625,-3.599,0.0548,0.584,0.00111,0.112,0.262,102.101,164706,80
2MnLkFqY9Rpg9s3Zv6ZJdK,0.727,0.546,-4.572,0.0437,0.656,0.0,0.122,0.69,106.891,197333,80
6Dy1jexKYriXAVG6evyUTJ,0.787,0.833,-4.403,0.0478,0.018,0.00747,0.0374,0.796,123.97,162604,80
0bI7K9Becu2dtXK1Q3cZNB,0.77,0.787,-3.748,0.0583,0.198,0.0,0.262,0.513,119.986,140500,80
4OAuvHryIVv4kMDNSLuPt6,0.516,0.777,-4.908,0.0375,0.00108,1.62e-06,0.0761,0.408,125.047,223093,80
7kUljt0NM5sISL3OGNVxYd,0.388,0.855,-4.229,0.0644,0.0181,8.11e-05,0.137,0.32,80.121,223520,80
2BEcap3xJtmiPaHKyfQi4e,0.734,0.846,-3.425,0.0489,0.166,1.74e-06,0.235,0.604,98.026,209884,80
0MEZYGMSPxNwUO4nAdQRBW,0.729,0.596,-7.523,0.24,0.689,0.000181,0.065,0.781,185.984,198740,79
7n2FZQsaLb7ZRfRPfEeIvr,0.828,0.731,-3.033,0.111,0.0617,0.0,0.048,0.587,119.978,178453,79
3rdAz1fbUfZxYgaCviYhRo,0.78,0.719,-3.613,0.0506,0.302,0.000196,0.0931,0.336,127.962,199604,79
1wcr8DjnN59Awev8nnKpQ4,0.599,0.869,-5.174,0.0618,0.000707,0.0,0.0911,0.453,132.889,193260,79
0z8hI3OPS8ADPWtoCjjLl6,0.776,0.808,-4.501,0.117,0.0297,0.000127,0.103,0.494,123.988,184104,79
68HocO7fx9z0MgDU0ZPHro,0.628,0.676,-4.227,0.0424,0.393,6.94e-05,0.0978,0.723,78.996,215687,79
09gysnJpfQ3ublBmJDfcEC,0.87,0.523,-8.052,0.0602,0.433,2.07e-05,0.113,0.319,110.02,204764,79
4laAKIq9ZxBCwf99rauPYb,0.612,0.862,-2.903,0.037,0.041,0.0,0.0907,0.354,123.849,160766,79
1KMkcUvF7m3SDChDOa7i5L,0.662,0.413,-7.357,0.0299,0.213,0.0,0.134,0.467,93.005,161385,79
5IdyvWCaUa7AgTxMsFj0wB,0.743,0.89,-5.451,0.0837,0.366,0.0,0.0966,0.809,107.635,196864,79
00Blm7zeNqgYLPtW6zg8cj,0.687,0.781,-4.806,0.053,0.0361,0.0,0.0755,0.688,97.014,193507,79
6TBJkXHPhu3EsMk1bshwuI,0.536,0.296,-7.451,0.0346,0.892,0.0,0.0873,0.151,122.907,240907,79
4eDE92gbf1iKImxBIKS64V,0.747,0.801,-5.826,0.334,0.0287,2.97e-05,0.441,0.707,167.077,149461,79
1VauUM5CBX7nkLcgafQL2B,0.783,0.524,-6.455,0.0554,0.241,0.0,0.271,0.839,117.496,164896,79
2m6Ko3CY1qXNNja8AlugNc,0.559,0.559,-6.425,0.0358,0.0145,0.0,0.138,0.338,72.498,220780,79
798ahLNEcoFER7Vywg1FMT,0.651,0.726,-4.144,0.0539,0.382,0.0,0.0535,0.963,179.99,156267,79
1JpzJfxjHGFUyTHXLZidok,0.811,0.5,-6.717,0.0976,0.104,0.0,0.372,0.789,178.017,189333,79
7v8wKvNQQIxkugCFFjrkaO,0.367,0.896,-4.002,0.091,0.000627,0.0,0.207,0.38,170.863,184893,79
2KnuaZYoGzDoHiBTNYOTXG,0.895,0.389,-11.036,0.11,0.222,0.0346,0.105,0.549,110.023,196731,79
1hHnCReCPe1FUkGLTeuCaC,0.715,0.739,-3.779,0.041,0.578,0.0,0.0887,0.963,101.611,140984,79
6RiiSy9GzSwiyDEJDiMuKe,0.648,0.781,-8.736,0.0271,0.0332,0.013,0.305,0.822,133.417,153313,79
0W6I02J9xcqK8MtSeosEXb,0.912,0.655,-6.029,0.162,0.315,3.39e-05,0.0894,0.793,91.942,138293,79
6AtZLIzUINvExIUy4QhdjP,0.584,0.557,-6.371,0.0342,0.0129,0.0,0.0576,0.767,154.008,219760,79
1Is8hGpkGMiePASAxBluxM,0.701,0.782,-4.987,0.138,0.0918,2.31e-06,0.124,0.57,94.03,156040,79
5YaskwnGDZFDRipaqzbwQx,0.669,0.784,-5.603,0.112,0.194,6.28e-06,0.115,0.517,125.993,150053,79
1Sym1HsTqsa2pYKhYL1j15,0.721,0.426,-7.473,0.11,0.859,0.000216,0.111,0.451,127.083,170079,79
1dg3qy5DjoJodawfOCgrTP,0.88,0.575,-6.091,0.163,0.415,0.0,0.109,0.671,120.031,232048,79
6SRsiMl7w1USE4mFqrOhHC,0.672,0.526,-6.446,0.0599,0.0311,1.37e-06,0.28,0.28,123.999,143747,79
4obHzpwGrjoTuZh2DItEMZ,0.466,0.786,-5.13,0.0328,0.417,6.1e-05,0.125,0.571,203.903,210507,79
4w5hSBHaXu849xt0g9eeDg,0.799,0.655,-7.976,0.0373,0.491,3.91e-06,0.13,0.814,94.971,175935,78
7Bpx2vsWfQFBACRz4h3IqH,0.711,0.611,-5.453,0.329,0.00575,0.0,0.231,0.144,134.14,252070,78
751srcHf5tUqcEa9pRCQwP,0.423,0.913,-5.354,0.0655,6.53e-05,0.0,0.269,0.596,146.995,191823,78
135Lf4Q0CzlMNfOxbEUsLH,0.391,0.335,-10.064,0.0763,0.389,0.0,0.102,0.116,174.185,193733,78
5XsAal7ZcWg1I5T4NcRjkv,0.403,0.159,-16.728,0.104,0.961,0.0121,0.34,0.0381,72.38,234761,78
4T18CIOag4LfuqqfzyBQmw,0.803,0.745,-5.251,0.0657,0.136,0.00763,0.0712,0.628,107.077,116636,78
29e4KOBzZDOX6qnpYbjwoW,0.825,0.613,-6.043,0.0941,0.0158,0.391,0.159,0.511,117.052,84138,78
4VHkjPgAis9JNfc1URn7zZ,0.73,0.643,-7.811,0.0984,8.47e-05,0.0,0.203,0.492,141.961,186018,78
0eu4C55hL6x29mmeAjytzC,0.7,0.49,-5.187,0.076,0.186,0.0,0.117,0.569,79.982,161803,78
3p4WMekidOIiyf8SFvfrIC,0.807,0.396,-7.415,0.0545,0.855,0.0,0.0805,0.7,91.159,189486,78
2KnLkZ3z7PO3kgVGHGqDpD,0.398,0.286,-11.881,0.033,0.616,0.000146,0.0912,0.0666,78.262,222800,78
3xVZYkcuWalGudeKl861wb,0.627,0.618,-8.529,0.0437,0.0558,0.0,0.351,0.848,82.03,197443,78
2HSmyk2qMN8WQjuGhaQgCk,0.423,0.667,-7.012,0.326,0.758,0.0,0.246,0.496,86.743,336511,78
5jzEwSyyymBlf1fa1o39T2,0.818,0.673,-7.542,0.148,0.348,0.0,0.172,0.695,87.961,193636,78
3T03rPwlL8NVk1yIaxeD8U,0.509,0.228,-8.68,0.0332,0.92,0.0,0.104,0.586,90.674,156468,78
3Ofmpyhv5UAQ70mENzB277,0.778,0.695,-6.865,0.0913,0.175,0.0,0.15,0.472,149.996,132780,78
3XYRV7ZSHqIRDG87DKTtry,0.702,0.741,-5.33,0.0427,0.00544,0.0,0.337,0.646,124.925,187585,78
69HzZ3ti9DLwb0GdWCGYSo,0.569,0.403,-8.618,0.0439,0.593,4.49e-06,0.102,0.269,119.819,201017,78
37Nqx7iavZpotJSDXZWbJ3,0.767,0.438,-8.726,0.29,0.181,0.0,0.142,0.381,86.975,221980,78
6IPNp9PfaEqrzotY47TIWy,0.8,0.837,-2.807,0.0491,0.00406,0.00313,0.0904,0.702,100.015,225600,78
0k1WUmIRnG3xU6fvvDVfRG,0.803,0.597,-6.035,0.141,0.000619,4.5e-06,0.323,0.331,136.008,257605,78
08SB2OtZkaliju77WYEKxk,0.707,0.618,-5.825,0.19,0.17,0.0,0.293,0.517,133.876,231498,78
4wcBRRpIfesgcyUtis7PEg,0.473,0.203,-12.627,0.102,0.941,0.0,0.126,0.419,168.884,163587,78
075qcpR3BnxD5CWUIx1HTr,0.553,0.884,-5.306,0.0771,0.0921,0.00033,0.0463,0.248,110.074,185280,78
1EJIcDYXwSqipW5dFe4uJz,0.477,0.727,-4.053,0.286,0.000866,0.0,0.108,0.227,150.062,236524,78
6HIIuuUIEzH1meVdGbMXyf,0.436,0.4,-6.521,0.11,0.463,0.0,0.76,0.568,75.576,189050,78
0UzymivvUH5s8z4PeWZJaK,0.6,0.713,-5.079,0.0592,0.0642,0.0,0.142,0.471,72.999,172107,78
6v0UJD4a2FtleHeSYVX02A,0.437,0.565,-5.596,0.0466,0.697,0.0,0.119,0.306,115.389,376169,78
5mnpMkzp3Z2RCCbwIEZCbv,0.805,0.816,-4.685,0.346,0.363,0.826,0.121,0.338,124.966,141343,78
5B0kgjHULYJhAQkK5XsMoC,0.493,0.653,-5.666,0.0466,0.269,0.0,0.511,0.852,142.347,121573,78
25VQoiuyc0HkC5FQTj1a8G,0.365,0.541,-7.489,0.0304,0.0419,2.25e-06,0.281,0.329,86.041,232093,78
5K6Ssv4Z3zRvxt0P6EKUAP,0.595,0.784,-4.878,0.102,0.216,0.0,0.0608,0.479,124.111,183726,78
5902W4uHWzhtOff1UK7the,0.685,0.886,-4.179,0.034,0.028,0.0,0.481,0.615,125.034,161267,78
6D2TCm4nf5nxAcdGJ7w3QP,0.903,0.817,-3.972,0.095,0.0272,0.000311,0.242,0.732,102.014,217360,77
3IAfUEeaXRX9s9UdKOJrFI,0.812,0.736,-5.421,0.0833,0.152,0.00254,0.0914,0.396,91.993,193806,77
5AihIu9yF3flkw1jFMyfwW,0.4,0.647,-7.279,0.0337,0.176,5.79e-05,0.11,0.274,84.08,221520,77
0kAZ3H6G9Zac4PMpmobMkj,0.472,0.701,-3.72,0.0279,0.091,0.0,0.23,0.304,147.854,237022,77
4CkgMiMqZ5JzW9iYXSTMTL,0.391,0.715,-4.516,0.0495,0.167,0.0,0.183,0.473,149.654,285107,77
2pUhY7tWx8egpw2qn84iSi,0.161,1.0,-17.037,0.0419,0.914,0.881,0.943,1e-05,81.756,146000,77
2N8m6CYs74qQO4mjVcXO30,0.824,0.587,-6.401,0.0937,0.69,0.000105,0.149,0.514,98.029,209438,77
7uo2L5FAja3pWIBa3HJVeC,0.68,0.406,-11.313,0.0414,0.782,0.00019,0.11,0.551,119.901,60333,77
5UlnuulVAVmmesw4VzqHdG,0.722,0.745,-4.164,0.256,0.247,0.0,0.419,0.52,77.029,173381,77
6MCjmGYlw6mQVWRFVgBRvB,0.663,0.871,-5.287,0.03,0.00299,1.8e-06,0.337,0.826,130.025,258840,77
6Yard5LK4aXEn0kBKtHSob,0.557,0.66,-4.467,0.0768,0.118,0.0,0.085,0.907,128.179,202022,77
52xJxFP6TqMuO4Yt0eOkMz,0.577,0.45,-8.516,0.0834,0.357,0.0,0.111,0.83,205.863,216120,77
4T6FWA703h6H7zk1FoSARw,0.826,0.694,-7.862,0.0315,0.316,0.0285,0.074,0.852,123.932,217427,77
5rGJkSCM6ZDi69eZb7qoNx,0.612,0.625,-8.509,0.0368,0.4,0.0,0.0936,0.942,91.436,181434,77
3yII7UwgLF6K5zW3xad3MP,0.642,0.695,-5.62,0.0281,0.000443,1.02e-05,0.0753,0.642,103.984,230960,77
0aZnyTWJNgdzYoOiaW8HKG,0.515,0.704,-5.25,0.206,0.767,0.0,0.415,0.885,91.246,217213,77
1Fhb9iJPufNMZSwupsXiRe,0.711,0.747,-6.335,0.0523,0.459,0.0,0.0957,0.852,136.0,166023,77
4k3lPl8YTKuY8c1HelVnm3,0.501,0.815,-4.865,0.0436,0.0513,0.0,0.106,0.46,160.087,224213,77
2TOzTqQXNmR2zDJXihjZ2e,0.638,0.259,-10.706,0.0898,0.753,0.0,0.219,0.269,88.485,202827,77
6lX6l7OuA3qrnIRfdsr0dw,0.787,0.7,-4.598,0.0768,0.568,0.00051,0.663,0.791,90.02,233453,77
67BtfxlNbhBmCDR2L2l8qd,0.61,0.508,-6.682,0.152,0.297,0.0,0.384,0.758,178.818,137876,77
40uMIn2zJLAQhNXghRjBed,0.797,0.631,-3.818,0.0786,0.0904,3.71e-06,0.0998,0.288,129.915,184213,77
0WSEq9Ko4kFPt8yo3ICd6T,0.798,0.545,-6.466,0.168,0.00904,9.48e-05,0.258,0.212,118.029,226653,77
5W8jRrZ6tWrTrqnKRtIQBf,0.861,0.656,-7.867,0.425,0.104,0.0,0.0986,0.331,88.967,218210,77
03eyNjBM2mpx28H6kdaufN,0.658,0.445,-8.749,0.154,0.161,0.0,0.0845,0.513,174.111,103240,77
704LUEih663hiE3CnyUrFW,0.822,0.736,-3.969,0.15,0.157,0.000781,0.0748,0.679,175.93,181107,77
6T5i0o62ZyfHRRHHihYJ1n,0.872,0.77,-6.722,0.538,0.0591,0.0,0.0663,0.817,147.061,113600,77
6KL88T4Ma4ABXqzgUoEwkd,0.682,0.72,-8.176,0.0382,0.321,0.0,0.205,0.649,116.988,168260,77
6G2xXQRSZlEzYsUEb3uvuR,0.405,0.565,-9.266,0.0372,0.38,0.0195,0.107,0.166,159.892,214149,77
2FSGUA0gFgGeQdprjtGM2M,0.635,0.706,-3.224,0.125,0.256,0.0,0.108,0.443,88.863,209160,77
2ZXxRC6V6AXzMdbLQZMHSB,0.704,0.537,-8.565,0.302,0.223,0.0,0.122,0.7,77.444,123871,77
2g12ZAzSIybDe6QC3w9DYl,0.864,0.765,-3.604,0.11,0.432,0.0,0.386,0.724,104.998,235328,76
6xlOnm5MITIKtixzJW8R0j,0.533,0.714,-6.472,0.0608,0.31,1.58e-06,0.0869,0.454,165.037,168000,76
308Ir17KlNdlrbVLHWhlLe,0.808,0.903,-2.179,0.0729,0.0899,0.0,0.0816,0.922,120.044,198053,76
0nwTMzpatarzvLvtwwzdCt,0.601,0.786,-3.706,0.234,0.213,0.0,0.209,0.79,172.156,183267,76
2ixkIrn45mNfdLDLHuyfRt,0.626,0.583,-7.346,0.0318,0.276,0.0,0.141,0.428,87.977,228145,76
0ldT3gl7aGNzrJyd4b1CA4,0.546,0.438,-4.748,0.0669,0.353,0.0,0.261,0.568,112.136,238677,76
042Sl6Mn83JHyLEqdK7uI0,0.632,0.284,-14.025,0.0801,0.932,0.000476,0.233,0.208,129.642,245897,76
7lOvJBqH38ZY59eLU7bioq,0.46,0.999,-1.307,0.325,0.112,0.0,0.245,0.779,145.911,151415,76
1xO7tp4J5Wj0NeKrzIpd1V,0.704,0.482,-5.352,0.0349,0.211,0.0,0.3,0.604,102.01,198529,76
5dPz35akJjPqb17yeqNwqH,0.604,0.741,-5.571,0.0475,0.178,3.49e-05,0.409,0.473,153.947,153190,76
54OBgO0Xwu20Jak9TMXbR7,0.675,0.359,-5.157,0.108,0.614,0.0,0.137,0.792,191.903,155333,76
0MT6qJd7wKlWjH7tP7oWHi,0.85,0.849,-3.436,0.0437,0.611,0.000193,0.329,0.92,143.975,203507,76
1is8gU4RVcN4J8xItxWoOY,0.422,0.34,-6.577,0.0351,0.877,1.77e-05,0.149,0.223,77.213,204094,76
2CRXFBkRh0V7FZL5kuiqdO,0.818,0.638,-6.926,0.225,0.00673,0.0,0.495,0.783,112.753,188604,76
5flerg6aEao2VayZezVlgu,0.716,0.712,-5.826,0.144,0.193,0.0,0.823,0.797,104.899,159714,76
1Z8TPHiKeCUyClxV6WTTIf,0.584,0.836,-4.925,0.079,0.0558,0.0,0.0663,0.484,104.973,202204,76
1nahzW3kfMuwReTka28tH5,0.658,0.634,-6.068,0.0431,0.0104,0.0,0.12,0.302,140.002,170813,76
5v6qYImm5k36GHlFxdEZyv,0.579,0.37,-8.9,0.0383,0.496,0.0,0.221,0.216,119.799,198515,76
38GBNKZUhfBkk3oNlWzRYd,0.765,0.373,-9.921,0.0713,0.341,0.525,0.112,0.554,85.016,195777,76
4H3t8C59tXjKf1R2iKtc5M,0.673,0.326,-7.481,0.0348,0.696,3.73e-06,0.103,0.672,133.309,189408,76
2gQPv5jvVPqU2a9HhMNO1v,0.594,0.612,-6.627,0.363,0.835,0.0,0.461,0.687,179.629,168020,76
1diS6nkxMQc3wwC4G1j0bh,0.722,0.588,-5.932,0.0544,0.0319,0.0,0.183,0.59,134.01,165507,76
5gZYpjakt37G3c58FKcQwJ,0.581,0.877,-4.938,0.114,0.0151,0.0,0.826,0.353,77.006,236883,76
78ul3D77noQsYjSwvwiPU1,0.552,0.904,-4.891,0.114,0.0027,8.85e-06,0.0786,0.746,171.788,96133,76
1au2UduxcvHfa0fZS3Szci,0.607,0.735,-6.065,0.095,0.253,0.0,0.11,0.964,88.894,151967,76
4mIHgQ3ofK2RK34UdbqMbe,0.841,0.732,-5.186,0.19,0.0115,2.18e-05,0.136,0.576,149.012,143480,76
2CYVETnhM9aytqrazYYwrK,0.66,0.817,-6.269,0.0521,0.162,0.0,0.0667,0.714,135.942,277592,76
01K4zKU104LyJ8gMb7227B,0.606,0.377,-9.455,0.0275,0.817,0.0,0.154,0.446,101.96,258813,76
1Y5MJnYsIi3Qlifvss4jPI,0.889,0.884,-4.323,0.0379,0.0111,0.804,0.0999,0.789,124.003,116129,76
709p9UGPAuyImWf1Z3vjRo,0.299,0.142,-15.134,0.0369,0.965,0.113,0.111,0.123,76.748,269067,76
7l2tmgUhV7Y2aJHjiszifg,0.661,0.819,-6.269,0.0519,0.167,0.0,0.0647,0.724,135.937,277592,76
3nsfB1vus2qaloUdcBZvDu,0.44,0.528,-7.809,0.0317,0.0171,0.00203,0.234,0.132,185.972,329160,76
3JCaq3KDSROg3TXhdiDa9n,0.759,0.842,-3.758,0.096,0.101,0.0,0.134,0.584,105.059,263253,76
4eNOLmx8r2IJAVKvBBL1jv,0.808,0.639,-7.266,0.279,0.0802,0.0,0.15,0.395,118.0,144349,76
20O48JTG6O46tPAuZbliRA,0.66,0.58,-9.921,0.0393,0.0372,0.0,0.116,0.115,139.902,157780,76
4btFHqumCO31GksfuBLLv3,0.52,0.849,-3.794,0.186,0.00253,0.0,0.119,0.774,175.908,236907,76
46nvQpUDsxpS08UTFOeKTA,0.539,0.715,-6.639,0.0595,0.0265,0.0,0.609,0.489,123.854,165524,76
4TIqzdAssasqx3DAe6cG9J,0.597,0.571,-6.205,0.293,0.492,0.0,0.093,0.165,106.196,218448,76
6fhG2KJgwO7CrNflRaRmvp,0.573,0.715,-3.293,0.0256,0.0444,0.0,0.0898,0.258,101.699,268717,76
1sx0XsWUusUoPstbvokZjP,0.731,0.626,-6.919,0.0805,0.125,0.0,0.183,0.862,82.488,173640,76
2UbVnbE5FH6008mAm6Mmgw,0.682,0.72,-8.173,0.0381,0.326,0.0,0.148,0.673,117.003,169011,75
27XMmSWSOXJ7eVb40tH93T,0.835,0.381,-6.121,0.342,0.757,4.59e-06,0.121,0.31,154.973,137806,75
4aSRUXfKuBbmje0eXNukuL,0.516,0.752,-5.09,0.0333,0.00528,3.78e-05,0.251,0.482,105.007,171880,75
1uMHCAyGmHqyygoNRuo7MV,0.815,0.848,-4.704,0.115,0.023,0.000162,0.0265,0.684,106.032,133707,75
7uQZVznj0uQOGC9KhV2Mg6,0.806,0.653,-6.283,0.0902,0.0282,0.000784,0.107,0.85,150.058,200690,75
6LnEoRQKMcaFTR5UvaKuBy,0.621,0.816,-5.242,0.104,0.0966,0.0,0.134,0.694,163.966,180360,75
7bGwqRNetDyNOFDWJN8gvm,0.571,0.271,-12.231,0.0528,0.533,1.34e-06,0.0994,0.753,122.004,214627,75
3z06k8YF9CqX0CGFrlekOK,0.76,0.371,-8.964,0.0531,0.00772,0.0,0.0785,0.653,138.023,115402,75
4DdnffqoFr9wDRlCACNmGf,0.685,0.831,-4.38,0.0858,0.398,0.0,0.177,0.486,97.431,213944,75
4R67rQNSbbsR4TdUVOIdez,0.839,0.506,-6.714,0.133,0.00207,0.0,0.13,0.44,154.12,149610,75
5QS8PNEWbqTEZyQ6e9ZbJf,0.659,0.683,-5.623,0.0312,0.513,4.93e-06,0.133,0.397,139.931,203373,75
7CC6UbCs4iGsePSzFxYxNn,0.319,0.236,-9.644,0.0318,0.898,1.62e-05,0.272,0.254,162.351,156091,75
77MdvMx9L4ZQuLhhn3o21h,0.429,0.486,-9.971,0.101,0.866,0.0,0.0982,0.661,146.99,209493,75
42lqBjPYlmL1EXpMDXvhSN,0.658,0.538,-7.676,0.0289,0.657,0.0,0.123,0.62,136.967,161773,75
6oofvZ4K8vBHnCT1oKERcd,0.595,0.588,-11.313,0.0624,0.507,0.781,0.113,0.518,166.061,145634,75
6G1Mz5yMgn0ydOlIvTrZ65,0.554,0.38,-10.666,0.0314,0.526,0.0,0.213,0.284,118.925,213754,75
0ITaSRuI0L1RNL7ZNYTTi7,0.602,0.824,-4.087,0.0547,0.0867,0.0,0.0947,0.442,125.147,211200,75
4A8cWXxKfIL3lAyUDzXbCF,0.825,0.414,-6.634,0.144,0.00265,0.0,0.357,0.106,72.993,200548,75
1lV3QHHMAQt0Kc1ioZq2MP,0.704,0.739,-3.286,0.112,0.328,1.93e-05,0.0856,0.425,179.879,208292,75
1zejeOnykpCoyVSit6Bwp3,0.443,0.298,-12.181,0.0644,0.388,1e-05,0.103,0.172,77.253,209560,75
2BITQ360Knh6qNAOqR7Dyq,0.584,0.859,-5.616,0.121,0.0144,0.0,0.847,0.369,77.005,236883,75
02rdXe0KhMe8p6ZHzYtuw0,0.649,0.347,-7.67,0.404,0.485,3.24e-05,0.154,0.176,169.994,269728,75
2nYAQN9ZGvoED0N4er1Lt1,0.762,0.627,-7.142,0.0557,0.165,3.35e-06,0.289,0.668,115.147,176208,75
21aOLk12MksET8AsbU0SI6,0.644,0.867,-4.18,0.0383,0.001,0.0,0.105,0.687,124.997,199919,75
0dKg2vGC1hFqcK5LGTaKzX,0.799,0.701,-3.272,0.282,0.309,7.36e-05,0.0514,0.607,100.946,201920,75
5Z8Dj3LtbyCMiwE86rhg2f,0.761,0.781,-6.778,0.141,0.0681,0.108,0.0607,0.473,123.023,285375,75
5RE3w3M9g5vsotdIVtLONq,0.748,0.631,-10.057,0.051,0.0799,0.838,0.104,0.0799,88.502,143769,75
0vNtFN67TIMgDokyyuUUwA,0.736,0.593,-9.364,0.184,0.117,2.5e-06,0.189,0.785,114.196,183595,75
3jiKUMXqwEodB7gVv1RMZU,0.651,0.703,-8.958,0.0816,0.0297,0.0,0.0608,0.647,140.051,249444,75
6aDsgHPZsMztSbZernzlF8,0.576,0.679,-7.237,0.034,0.0311,0.0,0.323,0.213,121.005,187889,75
6tNSmBKSjFV1366ASuULfZ,0.584,0.557,-6.371,0.0342,0.0129,0.0,0.0576,0.767,154.008,219760,75
7iqQz931tn59mK6IZ3knRx,0.602,0.59,-6.346,0.0279,0.318,0.000166,0.104,0.381,130.08,274293,75
1aEsTgCsv8nOjEgyEoRCpS,0.441,0.202,-12.499,0.0381,0.732,2.6e-05,0.126,0.269,77.971,174587,75
760jhRscwGbIIe1m1IIQpU,0.65,0.584,-8.286,0.307,0.0174,1.54e-06,0.042,0.37,180.088,202227,75
7mlagGXcvSapZdWesGpmdS,0.449,0.923,-5.97,0.082,0.0193,0.869,0.365,0.616,143.744,84817,75
05bfbizlM5AX6Mf1RRyMho,0.743,0.655,-5.015,0.159,0.114,0.0,0.0764,0.785,172.031,261335,75
7es56D0QedGMsK39wl2yFX,0.667,0.457,-6.885,0.439,0.341,0.0,0.114,0.266,97.604,109326,75
5kItv0UayV5g4Xs9FMshDR,0.618,0.644,-10.663,0.0296,0.451,0.000105,0.352,0.861,98.721,155125,75
7BoobGhD4x5K96Me0hqC8Q,0.855,0.463,-7.454,0.0367,0.217,1.77e-05,0.347,0.866,102.931,122773,75
11ZulcYY4lowvcQm4oe3VJ,0.964,0.398,-8.981,0.0795,0.00151,3.95e-05,0.101,0.563,105.012,178405,75
6pYNq0ZwpPVazKzsqpf0G8,0.678,0.733,-5.025,0.0281,0.00115,0.0,0.104,0.581,121.009,200280,75
7qEUFOVcxRI19tbT68JcYK,0.498,0.61,-5.098,0.0363,0.271,0.0,0.223,0.474,79.918,245427,75
2rrq3SGYxk90xLx5fMmPhZ,0.616,0.856,-6.098,0.0457,0.516,0.0652,0.245,0.75,157.109,108373,75
6dI0iFnBCj9YkcWgXeoRkx,0.721,0.75,-3.277,0.0506,0.548,0.0,0.367,0.708,125.855,149250,75
2cnKST6T9qUo2i907lm8zX,0.725,0.713,-6.173,0.187,0.127,0.0,0.617,0.207,65.988,148421,75
7pnRCKAqERqg6dQRKfZoFm,0.589,0.631,-7.601,0.0488,0.374,0.00108,0.154,0.66,195.054,228949,75
7bcy34fBT2ap1L4bfPsl9q,0.849,0.48,-5.835,0.226,0.612,0.269,0.295,0.677,142.021,158463,75
56Yxkm62GtEpnPyG7TvwLY,0.759,0.886,-3.067,0.187,0.0103,2.04e-05,0.342,0.489,102.065,191462,75
5jyrtNJBcaFkNyS4yPixkI,0.133,0.99,-20.689,0.0526,0.675,0.98,0.109,0.00689,86.543,146286,74
2tUL6dZf1mywCj5WvCPZw6,0.84,0.744,-4.751,0.113,0.0181,0.0,0.629,0.171,83.737,204347,74
4s7QLoImIwmPi9L6dq1nVW,0.568,0.56,-9.059,0.42,0.228,3.05e-06,0.39,0.246,130.019,308756,74
5vUnjhBzRJJIAOJPde6zDx,0.745,0.65,-11.814,0.346,0.0451,0.00758,0.111,0.386,144.047,152137,74
3aQem4jVGdhtg116TmJnHz,0.781,0.594,-6.959,0.0485,0.0136,0.0,0.162,0.0628,129.895,178154,74
7sq2z9oX2S0CvgTqCZ0ko4,0.286,0.0847,-9.883,0.0397,0.934,6.94e-06,0.121,0.112,70.743,255987,74
6Zu3aw7FfjAF9WA0fA81Oq,0.935,0.807,-3.838,0.114,0.0514,0.0,0.349,0.813,106.017,173182,74
4h3KlpOEXS6FxIpab6EKlf,0.905,0.876,-5.467,0.0422,0.00391,0.841,0.058,0.31,124.976,140160,74
2vyAxGW8KhJV1C4rGRCwco,0.619,0.455,-4.93,0.0481,0.000357,0.0707,0.11,0.441,144.118,66804,74
7BgyWwbbybJr2IbQoI1gzH,0.534,0.288,-13.232,0.0331,0.195,5.21e-05,0.182,0.516,139.922,164571,74
4aMxs74PXoQg2SLgjypcvb,0.669,0.682,-7.974,0.293,0.00165,0.0116,0.339,0.345,148.153,155742,74
5bQLsyTrUaMQRfr6whwGe5,0.457,0.495,-6.044,0.0797,0.62,0.000228,0.109,0.311,79.513,295039,74
2SUxn2O9NHL6GHGQFgwCY0,0.763,0.661,-5.592,0.056,0.169,0.0,0.117,0.632,95.002,153627,74
0dFdGPVLs3k0z9ezYWZzUa,0.738,0.75,-3.654,0.219,0.0167,0.00976,0.174,0.342,112.009,207840,74
5WkRINJDHP7zdAo45F1bJb,0.188,0.00481,-23.892,0.0575,0.131,0.352,0.13,0.0388,115.759,163506,74
2xXNLutYAOELYVObYb1C1S,0.422,0.25,-6.836,0.0351,0.441,0.0,0.35,0.246,124.026,161613,74
3No3zHVwKadKDR00kZdmAB,0.818,0.88,-2.411,0.0577,0.0237,0.0,0.0777,0.686,94.985,144987,74
7KNSQcLwrl3bNEuV1OVHtv,0.805,0.614,-6.845,0.137,0.615,0.0,0.0915,0.633,100.035,174864,74
4x5YzxjrF9wvIIXJV7TveC,0.346,0.501,-6.939,0.0364,0.421,0.0,0.0657,0.299,99.855,222927,74
0LatE4S9UtCDwIdGQsFFKL,0.707,0.74,-4.311,0.0509,0.179,0.0,0.612,0.336,127.974,189907,74
4P7LVHDbzn7aI6wWRh5AHc,0.632,0.773,-4.856,0.0346,0.0623,0.0,0.0885,0.474,130.033,231124,74
6rTInqW3YECMkQsBEHw4sd,0.887,0.485,-9.358,0.2,0.0392,0.0,0.141,0.328,125.987,215693,74
0RYHqnmtNRfbYxP6Dn8Vse,0.608,0.792,-5.721,0.0355,0.000674,0.653,0.252,0.611,161.104,144536,74
4O2bxKTnK9En7OPw8kGDDF,0.587,0.411,-8.758,0.0475,0.185,0.0,0.273,0.53,140.277,175125,74
6Hfu9sc7jvv6coyy2LlzBF,0.587,0.561,-6.569,0.146,0.0466,0.0,0.109,0.351,80.009,243187,74
186bb3vDk1yzNK5u3e7h7O,0.494,0.628,-7.615,0.0541,0.0814,0.0,0.111,0.101,129.966,177387,74
6ieWL5CLN9WdC875guWtMe,0.676,0.659,-5.123,0.0476,0.194,0.0,0.283,0.595,134.985,193994,74
0sKEilrw1GrBlG6qsTCrP4,0.532,0.584,-5.254,0.0248,0.723,0.0,0.101,0.367,88.003,190680,74
5YnxnTS89l3FElIwfIAeSs,0.719,0.598,-6.254,0.077,0.232,0.0,0.115,0.303,142.592,126521,74
4Z8HZSApeddaRM2ovivUj4,0.795,0.798,-2.357,0.08,0.532,1.02e-05,0.0869,0.397,104.912,214857,74
15hJmqqEtASVXl6sM7i4UF,0.615,0.6,-5.62,0.27,0.107,1.61e-06,0.283,0.0661,130.027,270671,74
2cc8Sw1OnCuA5bV8nqWqpE,0.691,0.695,-5.6,0.0367,0.0592,0.0,0.0647,0.514,106.064,233386,74
2etHQJxIbV0soyPhelVs9Y,0.84,0.766,-4.12,0.136,0.00302,3.61e-06,0.0684,0.402,94.018,155884,74
1msEuwSBneBKpVCZQcFTsU,0.598,0.821,-4.433,0.0447,0.0231,0.0,0.143,0.673,128.03,225328,74
31qCy5ZaophVA81wtlwLc4,0.686,0.538,-8.026,0.0345,0.181,3.13e-06,0.113,0.584,115.884,190779,74
2WnAKZefdRHxtBEkRjFOHC,0.685,0.521,-8.285,0.0345,0.185,3.59e-06,0.111,0.578,115.885,190779,74
3z6XUommYDWPHeFhmhhT6j,0.622,0.791,-6.106,0.0535,0.00188,3.72e-06,0.083,0.494,115.915,225960,74
0c34ovpXiMWWUbKX0IavIH,0.721,0.632,-6.695,0.0358,0.0693,0.0,0.291,0.296,92.057,144860,74
2CEf2gU5ZJamLXa3NrgAvA,0.706,0.649,-3.911,0.0353,0.152,0.0,0.161,0.271,139.976,170536,74
5o5WaO9pzPhXSGIrTIYVce,0.74,0.563,-7.016,0.04,0.34,0.0,0.0824,0.577,104.958,173286,74
5dXWFMwD7I7zXsInONVl0H,0.535,0.388,-9.805,0.155,0.507,0.0,0.11,0.412,106.703,174000,74
658QJ4p8WcbT3O7iWLpO1D,0.812,0.974,-2.327,0.227,0.695,0.512,0.582,0.064,153.979,99748,74
6w8ZPYdnGajyfPddTWdthN,0.703,0.68,-6.118,0.0431,0.0171,0.0,0.178,0.536,97.985,210384,74
3DZ8dbKg4OTSSqGARvecYd,0.659,0.745,-3.599,0.0347,0.0417,0.0,0.296,0.54,74.967,185600,74
2zBDKzqa6sdxeI0fC6OWIC,0.806,0.513,-6.208,0.0685,0.217,0.0,0.217,0.503,124.988,178157,74
2RJnNdu4pb3MypbBroHU0T,0.41,0.312,-11.01,0.0269,0.783,6.36e-06,0.0783,0.22,144.751,239668,74
1Z0auW1yEy6Dq9hsRdeIV3,0.699,0.55,-4.539,0.0568,0.523,0.0,0.158,0.969,119.924,153968,73
5xrtzzzikpG3BLbo4q1Yul,0.738,0.89,-2.275,0.0748,0.0895,1.89e-06,0.213,0.75,114.942,214253,73
6jGAh1bFnXt1Muj9zeHveZ,0.651,0.703,-8.958,0.0816,0.0297,0.0,0.0608,0.647,140.051,249444,73
3nOz1U41SZZ0N3fuUWr9nb,0.646,0.471,-9.247,0.157,0.122,0.0,0.125,0.455,170.084,232813,73
0v4z1tuZvn6LGknom9Qx7d,0.584,0.743,-7.075,0.0931,0.0538,2.83e-06,0.121,0.746,167.844,224240,73
1ahCrpeTt94LL7y1aXw0Y8,0.891,0.751,-3.15,0.124,0.0685,0.000598,0.19,0.711,115.046,144019,73
2LJRoFOtMGLnSxJqlJuhge,0.858,0.634,-4.058,0.0286,0.518,0.0,0.236,0.909,110.03,164360,73
0F0vbaAjqfjK1kKH9Wyymn,0.709,0.668,-4.741,0.0317,0.0444,0.000764,0.409,0.588,110.092,154421,73
079Ey5uxL04AKPQgVQwx5h,0.823,0.544,-7.132,0.0715,0.0215,0.00315,0.0966,0.664,149.903,186088,73
78QcVmzxS0wIwuC2rpAauI,0.768,0.56,-3.497,0.0859,0.709,0.000791,0.115,0.372,112.084,205714,73
3ZBeHiRJUj1vdiU8zzGPgb,0.378,0.334,-10.993,0.304,0.776,0.0,0.115,0.496,181.296,144667,73
1WvrDdouh6C51In1SdATbq,0.864,0.658,-4.105,0.154,0.204,0.000626,0.105,0.865,163.922,178693,73
75MNhvTCCKsST3YqqUiU9r,0.788,0.859,-2.724,0.0856,0.281,0.0,0.0424,0.822,141.02,207853,73
32XaqPVTVkkuOiOPQZ3SpA,0.284,0.538,-9.894,0.0886,0.717,0.105,0.111,0.259,179.708,193929,73
0KUPRHjyvFMnl4XLN3q1S1,0.656,0.715,-9.3,0.0332,0.0912,0.0,0.13,0.961,147.125,144545,73
2lz3zjQ5QCVXiyOzIk02vW,0.598,0.705,-5.462,0.0333,0.0826,1.8e-05,0.133,0.104,95.018,212927,73
08XWh5c0BMyD1nKVxxl91z,0.843,0.485,-8.735,0.195,0.181,0.0675,0.107,0.689,100.053,192418,73
2pn8dNVSpYnAtlKFC8Q0DJ,0.311,0.607,-6.578,0.11,0.0174,0.0,0.131,0.286,188.7,168086,73
1EHUQesfVKwbthtNcpBi9g,0.655,0.469,-6.257,0.0292,0.173,0.0,0.0956,0.467,92.56,161385,73
2HhzV3FY4eZGueF0KpXZUo,0.778,0.782,-5.07,0.152,0.5,0.93,0.426,0.446,160.05,135000,73
7bPWdJgx8vek7S5i5yAtvG,0.334,0.276,-13.125,0.0643,0.877,0.000249,0.113,0.429,201.025,271177,73
2WrqTrNIHqfcMCgmEo0A7E,0.826,0.878,-2.389,0.0599,0.0242,0.0,0.0789,0.686,94.994,145120,73
4HOryCnbme0zBnF8LWij3f,0.599,0.128,-17.261,0.109,0.974,0.121,0.115,0.367,159.679,244221,73
3viZLBs5sOsNFL9JMfuqZN,0.709,0.805,-5.361,0.0495,0.509,0.0,0.167,0.737,99.042,174272,73
0oSU0oQ4xp3H6sMh1In9W8,0.182,0.86,-26.251,0.053,0.121,0.992,0.894,0.0129,80.904,151580,73
20R4HfKloPKgXDqU7UKk3x,0.879,0.365,-7.781,0.0924,0.227,0.135,0.0583,0.663,94.016,173539,73
7eQHxigpuDJjCG50JyzU8v,0.7,0.613,-4.041,0.0408,0.385,0.0,0.0887,0.42,88.084,191250,73
7jvCeWOSnJs2N3spqobWnO,0.708,0.598,-8.365,0.0291,0.037,0.0,0.17,0.698,112.027,203123,73
31CdkzHnMbvJuKZvtCQfR6,0.567,0.686,-6.139,0.175,0.0317,1.86e-06,0.0732,0.716,172.014,193147,73
4Owj7xIXIFyNYIfHzL1YV8,0.724,0.544,-10.74,0.0359,0.407,7.59e-06,0.0636,0.712,106.347,176253,73
43qwdaLc45ICgUQDkrHtRU,0.146,0.152,-38.9,0.0753,0.753,0.971,0.111,0.0387,138.024,219250,73
0TYq1cxJXPGGjO0bYHDH2L,0.587,0.282,-11.902,0.308,0.947,0.0,0.11,0.53,188.37,91924,73
0bihOtJtBxl6r9DUJorNUh,0.562,0.758,-6.64,0.133,0.0251,0.0,0.107,0.431,76.991,137300,73
73xjJ1TIE6WP3HNKczQE4F,0.925,0.322,-9.8,0.112,0.103,0.0,0.137,0.712,129.957,170233,73
5YL553x8sHderRBDlm3NM3,0.423,0.517,-7.377,0.0486,0.369,0.0,0.177,0.366,185.262,234516,73
2nqio0SfWg6gh2eCtfuMa5,0.559,0.646,-4.61,0.0272,0.116,0.0,0.32,0.289,95.466,294419,73
6tiKwZppNjrls8RsPQwK6r,0.613,0.615,-4.859,0.107,0.308,0.0,0.107,0.342,86.782,226220,73
2NIBaWXdjaTDmytjjwbEfP,0.566,0.773,-6.976,0.0356,0.000818,0.00103,0.184,0.256,137.048,243264,73
1M4OcYkxAtu3ErzSgDEfoi,0.868,0.795,-6.044,0.269,0.0012,0.0193,0.0461,0.819,166.0,156945,73
2g1KggY9PKvsoEAOaiz4xx,0.834,0.663,-6.143,0.133,0.235,0.0,0.372,0.774,121.876,146523,73
6LNoArVBBVZzUTUiAX2aKO,0.546,0.64,-5.582,0.37,0.0438,0.0,0.137,0.63,137.728,339250,73
1XXimziG1uhM0eDNCZCrUl,0.868,0.795,-6.044,0.269,0.0012,0.0193,0.0461,0.819,166.0,156945,73
16nCYYc1lCxCyvaR1lgo0i,0.552,0.662,-6.225,0.0548,9.18e-05,0.0,0.143,0.572,79.973,148732,73
1gcyHQpBQ1lfXGdhZmWrHP,0.462,0.24,-12.077,0.0377,0.92,0.0,0.113,0.32,171.319,244000,73
1trAoZKkvVjuuQpUzTI6KV,0.54,0.549,-6.612,0.293,0.394,0.0,0.103,0.628,184.414,163000,73
0QLthYlRZYAP9iRs9cjmzD,0.593,0.479,-9.217,0.0292,0.382,1.76e-05,0.108,0.429,99.723,281100,73
35IcAVSMsU9qzHfpPbvC8A,0.617,0.483,-7.359,0.0458,0.702,0.000216,0.121,0.176,144.99,152318,73
3XoYqtiWHhsk59frZupImG,0.718,0.709,-5.568,0.039,0.258,0.0,0.101,0.54,119.974,179427,73
5RdiPZzjXTmp9N51wBEzCv,0.713,0.521,-6.696,0.16,0.00975,0.0,0.205,0.229,139.787,123507,73
1FKG2wgJ75wS9MFNVZFiWd,0.711,0.646,-5.444,0.225,0.0216,0.0,0.0921,0.778,160.931,131500,73
0cu0rhnlCnJ7JIeHRiLpj3,0.902,0.669,-5.049,0.457,0.161,0.0,0.0728,0.628,139.949,112547,73
3jHBgKdLCf46aP3HRI0WYv,0.68,0.696,-6.977,0.051,0.116,0.0,0.607,0.684,115.962,180743,73
5FQPpxOXsvkMN6v18gtpwY,0.74,0.517,-6.233,0.0506,0.0183,0.0,0.0558,0.698,139.917,170858,73
1MX19fnaW1OUQoglWTYaOo,0.635,0.772,-4.825,0.0279,0.216,0.0,0.285,0.948,119.017,147893,73
64SCQtbRtmO28ks1QhS3w5,0.633,0.664,-5.037,0.0294,0.46,0.0,0.108,0.268,115.058,156747,73
5iMRhOHzze2CujxHiJ6cRL,0.599,0.61,-8.633,0.24,0.213,0.000414,0.151,0.434,159.933,252021,73
5OLaVCAM2pqg7X9mAM2W8M,0.628,0.632,-5.932,0.0325,0.257,0.0,0.288,0.559,137.854,191227,73
2cEnKRR4dYBB2VA1mjlb1z,0.777,0.59,-8.741,0.286,0.397,0.0,0.169,0.238,147.978,155738,73
0QULNNd9z5s35entfiiXoa,0.612,0.884,-4.4,0.0459,0.00516,0.0,0.0997,0.626,119.991,245626,73
06q3sUgkq2k7uhdsi1fczX,0.79,0.66,-5.677,0.248,0.399,0.0,0.104,0.652,143.904,163156,73
1mAey8kEPmDM2icL56kS9d,0.87,0.561,-10.388,0.186,0.0124,0.0,0.103,0.691,100.458,156368,73
4l8CIibQf8cVk5BcrquSiD,0.821,0.304,-6.576,0.114,0.0175,0.0,0.118,0.217,78.089,65046,73
14p60PiibNloesz8pDovLI,0.707,0.6,-9.341,0.219,0.0786,0.0,0.325,0.598,75.944,110602,73
1ITpqT1kDATCtMBwOK7sYn,0.896,0.377,-5.502,0.0935,0.0123,1.43e-06,0.115,0.255,113.886,136573,73
4fPjI40ElIwJQ4DJJxSCOe,0.727,0.58,-11.094,0.192,0.0372,0.00377,0.0596,0.75,114.21,67638,73
4lH5L59hPQGr05aJyb2Q2E,0.487,0.74,-4.973,0.0944,0.157,0.0,0.612,0.522,73.779,181688,73
4b1yxSdlumA8N4fEk4UOZp,0.594,0.628,-6.345,0.359,0.12,0.0,0.0582,0.556,141.391,257213,73
7v4pPS4A7NgY7bxFA3Etv3,0.788,0.764,-4.054,0.254,0.00918,0.0,0.224,0.841,100.095,96000,73
4pNApnaUWAL2J4KO2eqokq,0.46,0.632,-6.031,0.0302,0.0158,0.0,0.0822,0.399,79.846,223333,73
5ZKyj00XSlmEoKnDGH4JZa,0.838,0.59,-4.305,0.233,0.439,0.874,0.105,0.495,150.02,144980,73
2L95U6syP0bV3fkYYOzmiW,0.922,0.927,-3.025,0.105,0.283,0.00331,0.719,0.796,129.978,219000,73
3LBM25IgxI9y549SiYxtSi,0.599,0.463,-7.449,0.0472,0.162,6.64e-05,0.141,0.141,158.053,205205,73
20BOju91NaEFK5Py4VJ2pp,0.84,0.766,-4.12,0.136,0.00302,3.61e-06,0.0684,0.402,94.018,155884,72
5SixeLvPsYpk7qq9lo5xYg,0.903,0.535,-6.434,0.0742,0.297,0.0,0.345,0.508,130.022,148779,72
0lZZ8pibk6Zu3M9hTthk1a,0.643,0.331,-9.235,0.0387,0.761,0.0,0.373,0.648,160.006,83422,72
3LVcKphzONOdQ2EATazlZq,0.847,0.912,-3.129,0.257,0.0781,0.0,0.142,0.88,81.486,156895,72
5JycxhApZmzbA4xSwvqh6k,0.523,0.543,-8.39,0.156,0.65,0.0,0.257,0.318,116.161,127807,72
5yfMsbJda8sXVfnJHgm8Ke,0.383,0.824,-6.814,0.299,0.145,0.0,0.312,0.608,85.441,123429,72
0YrKSfpvflYnLSBd4Jtu6J,0.912,0.608,-7.686,0.397,0.0458,0.0,0.248,0.327,136.994,136900,72
2HHLfzE7PkljuqyYU4vwmh,0.534,0.573,-6.757,0.414,0.00926,0.0,0.136,0.373,160.333,225533,72
7rglLriMNBPAyuJOMGwi39,0.795,0.8,-6.32,0.0309,0.0354,7.25e-05,0.0915,0.934,116.032,202735,72
2gVhfX2Gy1T9kDuS9azrF7,0.392,0.574,-9.195,0.17,0.833,0.00179,0.145,0.529,81.112,214707,72
3s44Qv8x974tm0ueLexMWN,0.665,0.527,-8.588,0.429,0.663,0.0,0.306,0.219,94.711,275999,72
50pkO56KXHoH53sVPRSbZ3,0.707,0.567,-4.091,0.0492,0.597,1.28e-06,0.0668,0.964,116.794,125819,72
4KDNRh9Oor80z3XIxdWlui,0.91,0.585,-7.572,0.257,0.0536,0.0,0.127,0.599,129.011,165067,72
0HAqq2GcQKyi3s87GuN7jU,0.739,0.491,-11.515,0.027,0.791,0.0366,0.1,0.707,111.008,228922,72
1V8LJmUEAleAHmBUaD0ZFI,0.536,0.772,-6.027,0.0339,0.206,0.0,0.163,0.423,134.019,208209,72
6lzc0Al0zfZOIFsFvBS1ki,0.594,0.713,-5.314,0.0503,0.000328,0.0,0.114,0.328,129.958,295413,72
4qbEaaJ29p32GI8EWQmm6R,0.783,0.472,-8.392,0.0427,0.22,0.000458,0.0798,0.589,122.052,125256,72
4j5ffIFh7bFT7GZciP1TCy,0.654,0.63,-4.644,0.0259,0.149,0.0,0.111,0.43,89.991,167693,72
5GxUKIEkMXXZo1Tif0IzfC,0.841,0.502,-9.068,0.211,0.52,0.000187,0.103,0.863,109.965,224747,72
7FGdjbZ32vMybPuP0IuE7d,0.759,0.538,-8.256,0.384,0.151,0.0,0.126,0.831,146.933,184490,72
08F16baYbciTva9P4BvpiI,0.855,0.492,-7.578,0.0483,0.0775,6.71e-06,0.111,0.385,109.975,240000,72
7ACW7VpgoKmfM1sKo15UhX,0.748,0.713,-6.399,0.355,0.00496,0.0,0.245,0.482,75.591,279573,72
1lAJUXyP5S2dUYHer1xBas,0.779,0.487,-8.642,0.165,0.28,0.0,0.166,0.0915,127.049,299971,72
2Q9nA56DKKJhj4cHMbHlAS,0.752,0.55,-7.166,0.362,0.172,0.0148,0.14,0.405,174.073,178131,72
1WQ40xJSvgDmD9K7ckJwux,0.456,0.679,-4.802,0.0324,0.176,0.0,0.103,0.483,184.075,212030,72
53tv6ZbyeAwfAUwFaxYbfO,0.841,0.672,-5.557,0.371,0.0122,0.0,0.321,0.599,157.026,146845,72
6VFKuuqSbA1GpMEosUgTwQ,0.637,0.299,-11.314,0.0366,0.742,0.0,0.359,0.364,83.872,213214,72
44tTqUi3xi7E28QLzHVdUA,0.641,0.489,-8.668,0.11,0.0509,0.0,0.071,0.206,142.977,215188,72
3jRDfw9ZpCNuZaMnnfKAEn,0.555,0.605,-9.118,0.034,0.0328,1.61e-05,0.182,0.0723,98.01,128026,72
4pryE6cN2gFL1FVF5fYINl,0.586,0.616,-7.964,0.0324,0.182,0.0,0.0927,0.719,148.088,242096,72
7zjEyeBsaw9gV0jofJLfOM,0.767,0.313,-12.059,0.0798,0.838,0.0,0.105,0.765,82.582,210907,72
2dHoVW9AxJVSRebPRyV2aA,0.647,0.377,-6.003,0.0375,0.594,0.0,0.0768,0.653,79.936,207164,72
64ImcY4fJhY243wr20SR3e,0.716,0.654,-6.702,0.279,0.249,0.0,0.127,0.958,180.11,186833,72
0BTaaKT4RMbs5M73tOHX5Y,0.688,0.909,-1.992,0.0624,0.0474,1.35e-06,0.0674,0.702,97.097,210573,72
2ccuOtUjIyx3tPcsnpeBzJ,0.527,0.461,-5.908,0.0269,0.118,0.0,0.0831,0.227,128.153,214405,72
2afB4eV1KWBqLqFqME6PTh,0.559,0.66,-4.143,0.0512,0.222,0.0,0.193,0.574,163.957,157907,72
2nG54Y4a3sH9YpfxMolOyi,0.588,0.856,-5.242,0.0316,0.000818,0.0739,0.238,0.635,96.966,175044,72
6OcCk1dbAb7XNHsC098oEM,0.607,0.418,-6.997,0.0363,0.394,0.0,0.182,0.386,95.002,171200,72
3S7HNKPakdwNEBFIVTL6dZ,0.645,0.593,-6.506,0.0288,0.0344,0.000127,0.13,0.299,109.984,242720,72
550erGcdD9n6PnwxrvYqZT,0.788,0.571,-6.135,0.0296,0.106,0.0,0.0934,0.797,115.99,254255,72
34chhNX59Wo9HMFCsI3K8Y,0.434,0.889,-5.684,0.0509,0.395,0.0,0.273,0.845,113.326,153338,72
4OmFmE0fzcMG6g0Y8p4eSD,0.473,0.579,-5.824,0.0384,0.214,0.0,0.0877,0.255,73.942,297013,72
3Y1Xr5Hfie9SDXPxIHSgbz,0.491,0.439,-5.846,0.0392,0.378,1.21e-06,0.105,0.328,126.996,197108,72
2T9WeqSMJJb8YBDHPYGU4p,0.642,0.695,-5.62,0.0281,0.000443,1.02e-05,0.0753,0.642,103.984,230960,72
4iya38ctQ1httyA6NOG9oW,0.374,0.778,-4.466,0.0363,0.1,0.199,0.107,0.484,133.85,270887,72
5aszL9hl6SBzFNsOvw8u8w,0.694,0.948,-5.307,0.0361,0.00936,1.62e-05,0.139,0.705,115.044,58149,72
1fTDYdx5zYfWJSX0JlKO8o,0.566,0.748,-6.549,0.0301,0.0643,5.16e-06,0.0925,0.614,96.586,258133,72
7nZwBbH8F8FqArrVIe8Zl4,0.601,0.537,-9.143,0.115,0.0339,0.0,0.137,0.228,140.221,130201,72
4191RXFPa7Ge9XkA4cWlna,0.526,0.334,-8.491,0.251,0.702,0.00782,0.0586,0.522,74.966,212496,72
55cwGtYrExG7slEAor5jeR,0.741,0.622,-8.006,0.0395,0.137,0.0,0.106,0.47,136.014,152987,72
0KUwCOylcgcDfSyuYNEe3a,0.893,0.799,-9.438,0.356,0.514,0.0,0.0622,0.656,143.839,124514,72
11pEKMLmavDu8fxOB5QjbQ,0.518,0.69,-6.15,0.107,0.128,0.0,0.176,0.59,77.837,205721,72
05GsNucq8Bngd9fnd4fRa0,0.519,0.527,-7.673,0.0274,0.075,0.0,0.132,0.267,78.915,238867,72
6bxKECVRnkLmtpeU22Ve9p,0.413,0.624,-10.353,0.0682,0.00859,0.0178,0.132,0.0814,82.516,139652,72
5ZkVnHs6BZViyXnl4LmRXh,0.658,0.455,-11.705,0.137,0.181,2.61e-05,0.0671,0.968,179.991,226347,72
62l3NSQPUxvcwwzKUmysrE,0.882,0.662,-6.382,0.242,0.0124,0.0,0.106,0.57,120.034,106000,72
7pIorU6vXlFoXmHUdsbpfX,0.634,0.54,-7.002,0.0777,0.0223,0.0,0.302,0.543,143.968,149360,72
1FY8LJWKivOdoxZX5TSLpm,0.604,0.715,-7.118,0.0312,0.000425,7.78e-06,0.116,0.212,110.026,176907,72
0y6kdSRCVQhSsHSpWvTUm7,0.502,0.534,-5.954,0.0278,0.0399,0.0,0.0977,0.155,94.05,299080,72
0GGfGINoVYiSFXPOjg3RHj,0.821,0.412,-7.795,0.0341,0.625,1.64e-05,0.0985,0.333,109.977,209454,71
4IQkfUsrwXol38VV3U7t7T,0.61,0.488,-6.918,0.0293,0.817,0.0,0.312,0.443,125.039,240227,71
0FFsgUoFibYISzMxuGS61W,0.683,0.615,-5.737,0.0966,0.222,8.25e-06,0.154,0.45,77.014,188893,71
0auI02VsQeSX5DJ3e17Bmh,0.56,0.0452,-18.185,0.111,0.537,0.778,0.0804,0.805,137.841,91004,71
5BE9B2FiFWBbBdoIQ1m1UP,0.707,0.833,-2.498,0.0517,0.137,0.0,0.115,0.788,110.062,197781,71
7gCe88FGMlkyURLPxglbAo,0.762,0.426,-6.865,0.113,0.0442,0.0,0.0858,0.582,167.827,151705,71
3JJL91ilRV6fXhKqu0FGXs,0.371,0.75,-5.382,0.402,0.601,0.0,0.482,0.729,173.456,155293,71
26UxwWl9xCb83OynXELJcL,0.781,0.726,-4.213,0.0836,0.0299,0.0,0.093,0.436,139.988,181714,71
0PLhwCmQ7cC3ThRGPn3HxF,0.765,0.582,-4.528,0.12,0.245,8.21e-05,0.154,0.36,132.992,171280,71
22ruOqBqBRiZDiXFud4OXa,0.833,0.498,-5.196,0.117,0.0493,0.0,0.119,0.259,139.928,153406,71
5hRFjooNvZWb9gdnXjrv2j,0.547,0.715,-4.682,0.0489,0.199,0.0,0.11,0.724,117.273,190671,71
4oR2cCQGs0Yt0Mgr2diV6V,0.359,0.706,-6.151,0.0309,0.000602,0.0,0.285,0.479,174.079,171333,71
5W8HXMOMLtXLz0RGKUtnlZ,0.664,0.692,-4.128,0.127,0.237,0.0,0.0798,0.233,154.924,257369,71
78p1rF7xx1snnaKxtUzBHn,0.829,0.343,-4.962,0.0982,0.00718,0.0,0.172,0.309,78.061,135418,71
46DU5gYWY2vjE79mbhX4Wv,0.679,0.633,-6.865,0.0317,0.517,0.0,0.103,0.709,109.736,187353,71
60F6pgM6H6miNr5AmjxwjL,0.603,0.551,-6.259,0.0304,0.0696,0.0976,0.192,0.439,75.001,224939,71
1EQFOouqdKYdpbNoOHRVO2,0.671,0.599,-6.18,0.0405,0.0658,0.0,0.101,0.448,121.849,159836,71
4r1AqGpB9YrXV2ivcrqfJY,0.451,0.907,-7.362,0.291,0.0838,0.832,0.137,0.317,151.988,166240,71
08LwMWf5Tcfsd752EPzFV0,0.77,0.574,-5.525,0.106,0.0617,0.0,0.104,0.104,98.962,133022,71
7CxFWAnQ8eqiRL4W12Xzb6,0.877,0.6,-4.577,0.0813,0.021,5.38e-05,0.244,0.176,149.996,140859,71
4mXGooManGPH6xAWRAtRJU,0.689,0.592,-6.758,0.0235,0.101,0.00867,0.11,0.919,98.997,175027,71
43CIWpJaJHRcI4mUSjqgc2,0.697,0.674,-6.326,0.0533,0.00215,0.0,0.138,0.198,81.535,157355,71
6E90gq0KO6FYZVOXx8kCcC,0.778,0.695,-6.865,0.0913,0.175,0.0,0.15,0.472,149.996,132780,71
0k4Xxpf3Ml9e0UFYacCIDO,0.709,0.527,-9.371,0.283,0.0553,0.0,0.108,0.342,142.043,148793,71
7eZXAeqqdLDrAp2MvrPzWn,0.708,0.555,-7.275,0.0734,0.182,0.00565,0.111,0.316,140.017,214893,71
4ak9GGe6afmi2HbxEjvhIC,0.687,0.288,-10.415,0.045,0.863,0.0,0.0986,0.308,110.927,194887,71
0qo1JukfClmpHnUOJxpFXi,0.69,0.732,-5.352,0.0497,0.0604,0.00114,0.168,0.636,107.977,178889,71
5rW7qTn83sCKtqBoneJs63,0.815,0.849,-4.704,0.114,0.0229,0.000176,0.026,0.685,106.035,133707,71
1sbEeUY8KsdvgiQi26JBFz,0.803,0.565,-4.711,0.235,0.0558,0.0,0.141,0.474,163.085,200221,71
3IeL2BjoIaLICr6QDXxlcj,0.789,0.663,-11.278,0.0646,0.439,0.0,0.0649,0.685,99.969,109552,71
4yNoUQkYf1QF8iYlEzNynH,0.739,0.74,-5.86,0.333,0.0045,0.0,0.161,0.488,75.575,279853,71
1I3DclkIlscxB8FjPpocCI,0.602,0.795,-5.086,0.134,0.000603,0.152,0.402,0.526,174.809,80446,71
5xhJMhyDHNzFS2FCDSQTp7,0.104,0.479,-22.971,0.136,0.127,0.993,0.371,0.0133,89.164,169413,71
1cSFlSBdpT4F5vb1frQ231,0.432,0.873,-4.367,0.0577,0.0279,0.0,0.167,0.629,163.936,238444,71
16frIpnyUb9poRwQxQTmaC,0.876,0.565,-6.569,0.0333,0.16,0.0284,0.114,0.931,111.936,209732,71
2S8UMuLJ0z8agFgFGJ6Ztt,0.802,0.59,-7.189,0.0493,0.0874,0.0,0.275,0.687,138.084,214720,71
4HyVMzg0sUQsdOxRvSO8Ka,0.953,0.621,-7.565,0.154,0.00799,4.87e-06,0.307,0.378,132.063,113430,71
19ZzEzb4BVK1wVO4brrmZz,0.59,0.846,-4.251,0.0396,0.182,0.0,0.53,0.733,146.028,174681,71
6kksmL4t09IgxhajuVDDxR,0.621,0.405,-11.26,0.437,0.382,0.0,0.152,0.141,98.427,174549,71
2W779g2UrRZtVdf3FcEOO1,0.668,0.392,-12.178,0.0585,0.789,0.00275,0.345,0.323,135.936,162794,71
6klFWv2xDGeTDoiKTtx4hg,0.599,0.427,-9.037,0.0242,0.747,0.105,0.0984,0.111,73.801,203133,71
2n6qz4opcJlHsEpI8030YM,0.814,0.675,-6.761,0.042,0.00577,0.0818,0.0956,0.776,125.0,174138,71
4sMmYKC0ot3GTbl2RzHw7T,0.53,0.517,-9.253,0.399,0.387,0.0,0.176,0.381,137.554,326813,71
1V0jEAE4UreyX8KYxGLnLP,0.673,0.571,-7.631,0.0488,0.0737,0.0,0.117,0.042,141.957,148808,71
4YPTI6iWXVTGIzDLKvInM0,0.155,0.629,-27.102,0.069,0.00195,0.00174,0.404,0.0348,106.743,208000,71
7xLfmCx9jcZNgzlIK7NupN,0.519,0.666,-7.576,0.0318,0.0108,0.000623,0.0781,0.603,139.94,205714,71
5ScbulRnixQ2XAdvrPMFjz,0.32,0.466,-6.77,0.0374,0.00645,0.0,0.133,0.338,177.693,229304,71
1BPBwKueIEMnUcbbs2te7B,0.682,0.598,-5.694,0.264,0.0575,0.0,0.299,0.823,103.791,112500,71
73qMN9bXy7MSPwwGfH3wQr,0.601,0.406,-11.827,0.0275,0.622,9.19e-05,0.133,0.232,130.059,284773,71
1kdWw77ZpYOkhxeuhzU1j6,0.592,0.41,-12.426,0.0397,0.801,1.39e-05,0.09,0.416,151.923,254640,71
5q3LwAHTqo9d3rET2EA9Nq,0.784,0.521,-5.701,0.0322,0.062,4.75e-06,0.0995,0.817,101.491,167662,71
5YVmHTAsdWnoanWXB7AwZX,0.492,0.224,-8.098,0.0493,0.91,0.0,0.142,0.424,93.039,183429,71
5SkLd0qWWqYtv3Ry0dIyIh,0.767,0.666,-4.951,0.13,0.427,3.71e-06,0.243,0.532,111.879,174432,71
4VCbgIdr8ptegWeJpqLVHH,0.73,0.576,-5.442,0.287,0.354,3.59e-05,0.15,0.155,92.131,228461,71
6iiAfo4wTA2CVC3Uwx9uh8,0.506,0.444,-4.99,0.0285,0.0538,0.0,0.123,0.241,133.873,261843,71
4t2OeILB07eMGTXSUbMPEu,0.757,0.598,-7.777,0.058,0.0904,0.551,0.15,0.18,124.951,210233,71
73W5aXorr5vxrySFcoZqIN,0.53,0.712,-8.135,0.0461,0.44,0.0233,0.0931,0.577,167.964,254467,71
4LdopLerbbhZxY6cBQyRsP,0.776,0.724,-6.332,0.0504,0.145,0.0,0.0943,0.634,101.448,193919,71
50PyquzZ9BaBwLZZd1AuuV,0.876,0.646,-5.756,0.0435,0.422,0.00195,0.0705,0.832,140.032,194693,71
6El3mjjzGWOas5meWIETKI,0.387,0.462,-8.195,0.116,0.595,0.0,0.102,0.0722,74.021,189672,71
1tkipCYkIgti8f1tqjfcWe,0.841,0.732,-5.186,0.19,0.0115,2.18e-05,0.136,0.576,149.012,143480,71
4gEQcoKNoLFLyhory3Y5Zr,0.605,0.686,-8.605,0.0439,0.55,0.438,0.145,0.467,138.088,135347,71
0L3XCv9i9IHs8cJEVhsJ3J,0.679,0.762,-4.253,0.0316,0.00469,0.23,0.0446,0.511,105.407,357936,71
67nCwIKYC4M0hFskf2skPP,0.171,0.997,-21.94,0.0467,0.408,0.989,0.907,1e-05,80.955,106250,71
3jM9VzF2d1AMUyTD8sTmPu,0.713,0.259,-14.872,0.238,0.245,3.06e-06,0.101,0.467,139.987,115347,71
0cYf8BBWyP83Q6uxqjkSel,0.181,0.864,-33.39,0.0587,0.188,0.983,0.406,0.00739,92.092,124000,71
6M47gaKejso9772SKTa3yH,0.693,0.935,-4.323,0.224,0.18,0.0,0.179,0.391,80.882,219802,71
3YUMWmx8EJq0DurfuIwoGh,0.456,0.285,-10.755,0.0979,0.814,0.143,0.307,0.0809,104.89,210005,70
5zNW5ARjYhJQJz1AChP33n,0.95,0.693,-3.424,0.0898,0.0133,0.0,0.173,0.891,130.02,184635,70
2vXgyN14LX2zl7JEASw242,0.74,0.576,-6.744,0.146,0.0249,0.0,0.104,0.315,110.095,209476,70
7z4xW9WY86uH3gd1V9pfCM,0.827,0.571,-7.949,0.366,0.0195,0.0,0.166,0.62,142.034,146419,70
7uLFOXgLrS90tEYPO1DGXy,0.849,0.631,-4.241,0.0637,0.171,0.0,0.149,0.55,135.997,215304,70
5a8QUc4ubHJqQm7vzs2YhA,0.595,0.588,-11.313,0.0624,0.507,0.781,0.113,0.518,166.061,145634,70
4hEA25qUMn3camHI87UhiI,0.556,0.59,-6.846,0.029,0.25,0.0,0.109,0.573,143.972,194271,70
612qCFbMeFIeDupbFY38Ve,0.562,0.64,-5.047,0.0254,0.242,0.0,0.111,0.654,139.931,194667,70
19n8izXThARSuQAXrOKNbO,0.877,0.6,-4.577,0.0809,0.021,5.38e-05,0.244,0.176,149.992,140859,70
7ITzf6TxMKnUwgXfNRfMxI,0.623,0.788,-7.777,0.0415,0.000247,0.271,0.0978,0.955,121.974,207010,70
2VeLdiYiILcCOEV0izfzEW,0.44,0.676,-7.57,0.0582,0.152,0.0201,0.108,0.429,125.013,206438,70
61Emqg95O9zo1GNOcyxq4Y,0.442,0.517,-7.807,0.0548,0.0699,0.0,0.114,0.2,79.867,193822,70
4Im6GRj17qa7NW76OsJh1s,0.548,0.483,-9.102,0.0268,0.515,0.0674,0.0922,0.166,159.952,286387,70
7FKkswFflI5Txc3Y4gH0IB,0.576,0.467,-6.435,0.0305,0.257,0.0,0.13,0.234,86.011,188160,70
2QtHxdxJ5Dc2eVHEfPA079,0.26,0.87,-22.09,0.335,0.00433,0.959,0.519,0.0394,63.73,164000,70
7y3xU9vEC1s8DSuuoSYKih,0.678,0.531,-5.029,0.0374,0.126,3.44e-05,0.377,0.176,99.008,177373,70
6755DFiZ7CWe2WMdTGW5C1,0.953,0.621,-7.638,0.221,0.017,0.0,0.0398,0.883,123.016,152333,70
0ZHLqpysyyJil6TlEJAZY9,0.509,0.435,-10.231,0.0812,0.324,2.28e-06,0.0989,0.222,75.2,146000,70
6cUHiQEECDl5m3WFGQ1GCR,0.756,0.698,-5.464,0.178,0.0849,0.0,0.221,0.66,77.497,247714,70
6KgtcmCF9Ky68XC7ezxl3s,0.827,0.731,-5.524,0.088,0.13,0.0,0.418,0.607,118.992,172833,70
7J4b3LVCIGO4CMBDFLPoP6,0.622,0.809,-5.623,0.0638,0.0288,0.00218,0.109,0.511,156.894,202960,70
1LmN9SSHISbtp9LoaR5ZVJ,0.739,0.756,-4.828,0.0394,0.0136,0.0,0.37,0.523,110.028,231387,70
2bZIDMpzVooosmPHn0tHnd,0.605,0.805,-3.212,0.0641,0.313,0.0,0.659,0.738,148.298,191696,70
2klj0StczYde6WUHBJo5F6,0.517,0.713,-8.508,0.0403,0.243,0.852,0.133,0.367,129.917,212308,70
1ElGmhauttS9p7LwmHG9uM,0.41,0.174,-11.405,0.0328,0.767,0.00197,0.114,0.0694,105.292,153000,70
4xl69qYIDxUIACXSeRkXOY,0.661,0.511,-9.561,0.304,0.00277,0.0,0.608,0.4,149.046,167627,70
5rohUzwEoRsUvAA1Bf3DLo,0.423,0.355,-10.565,0.0454,0.761,0.0,0.0915,0.465,93.788,214613,70
6aGpM4DXts4pdRhVKbRYuk,0.763,0.726,-5.61,0.109,0.00377,0.0,0.0719,0.327,99.042,131053,70
7x8O57b6oXzmbwANbSy2wq,0.471,0.915,-4.903,0.234,0.66,0.0,0.221,0.53,131.727,118750,70
1RvoRAL612adAVrPUoAMHR,0.543,0.48,-6.745,0.0301,0.794,0.0,0.119,0.391,154.78,234333,70
3QXBaUQ8iwP2WI1GpQIP18,0.507,0.718,-3.795,0.0636,0.296,0.0,0.0921,0.927,92.226,225000,70
6sQckd3Z8NPxVVKUnavY1F,0.575,0.434,-8.193,0.0312,0.735,6.59e-05,0.105,0.348,145.916,229840,70
5Y3ID1NKAg8qydyVCrM7ji,0.744,0.439,-11.891,0.0632,0.424,0.0,0.104,0.39,124.008,170323,70
0B4YX3OMtZSmPm9KpiZKl2,0.488,0.82,-8.298,0.151,0.00999,6.7e-05,0.108,0.0486,148.068,214107,70
63CSKIfM2wO1K2huueWnMz,0.441,0.531,-5.862,0.084,0.0431,0.294,0.393,0.156,160.12,79129,70
4omKMytsN5mudpBbAsZPOQ,0.38,0.268,-13.719,0.106,0.618,0.0,0.0798,0.47,86.973,299563,70
3Dby3p1m6IOZn2gIIqECgK,0.512,0.462,-10.491,0.0408,0.83,0.166,0.121,0.353,112.05,185320,70
6lCvK2AR2uOKkVFCVlAzzm,0.316,0.361,-10.381,0.0488,0.878,2.67e-05,0.0797,0.221,74.952,245440,70
29Z5qdYEYNFxly8n6Dt7kp,0.8,0.611,-6.164,0.131,0.0169,0.0,0.0884,0.161,130.987,139311,70
1De7cOMrdUnVpjWBaowMg4,0.726,0.728,-5.775,0.0408,0.239,0.0,0.177,0.566,115.047,225502,70
4FRW5Nza1Ym91BGV4nFWXI,0.77,0.637,-5.53,0.345,0.103,0.0,0.171,0.431,94.966,383037,70
5YqdiryRmdAzYFlxo43hAJ,0.628,0.877,-4.205,0.046,0.0155,5.97e-06,0.113,0.721,101.992,217408,70
3zc8VZEpM1onYV4FWGdFvm,0.55,0.637,-5.212,0.163,0.597,0.0,0.129,0.535,84.448,160078,70
3FE6cfCDhmhOraeSLPe6Vj,0.544,0.829,-2.84,0.0404,0.107,0.0,0.317,0.815,90.048,193880,70
1MQLdI6RONvfjEz4K6ZRXp,0.603,0.341,-11.383,0.0336,0.693,0.0996,0.101,0.195,110.004,158364,70
3oRW9ZGPRbLRMneQ5lwflt,0.48,0.554,-8.145,0.069,0.171,0.0,0.131,0.267,190.066,161840,70
6jy9yJfgCsMHdu2Oz4BGKX,0.701,0.741,-6.157,0.313,0.112,0.0,0.699,0.588,140.177,178623,70
6qvtoU0gbkaOcTx6mnVDgV,0.535,0.406,-7.681,0.0654,0.481,0.0,0.144,0.217,113.467,177446,70
4PuAqZlL1tkidkuxfDlLbF,0.641,0.78,-5.138,0.0852,0.0206,0.0,0.143,0.693,98.004,179720,70
2r9CbjYgFhtAmcFv1cSquB,0.511,0.559,-6.587,0.0264,0.0167,0.0,0.113,0.248,145.88,244587,70
4JipCNXiKHe9LiKqMQr5w7,0.42,0.66,-7.726,0.326,0.016,0.00284,0.138,0.307,109.914,145115,70
4O3RwH1TFG1EjPezLIYehI,0.53,0.37,-9.989,0.0279,0.806,0.0,0.112,0.701,140.061,206734,70
3nY8AqaMNNHHLYV4380ol0,0.647,0.608,-6.831,0.42,0.13,0.0,0.0584,0.474,125.994,175238,70
1toNKayLMeCcVlsLGXJl7n,0.51,0.817,-8.666,0.0373,0.000654,0.0344,0.146,0.547,169.481,102007,70
1mvI5pGoh84IiFSbWxEkGH,0.788,0.652,-3.931,0.405,0.373,0.0,0.755,0.812,128.108,243760,70
7eQj6r5PIdYKEIZjucBMcq,0.693,0.681,-7.039,0.025,0.0848,0.0,0.0768,0.663,100.02,205787,70
61S79KIVA4I9FXbnsylEHT,0.686,0.385,-8.35,0.297,0.614,0.0,0.131,0.147,143.07,296568,70
6Rdp4sAeb38xf8DByVG3Xs,0.79,0.343,-11.329,0.235,0.732,0.000274,0.201,0.466,117.952,138312,70
6iSgJHz6m1XOszvVuBVnqs,0.884,0.494,-5.849,0.207,0.862,0.0,0.349,0.96,100.098,158400,70
4e5ayHsOLJNLTGfjau2mEw,0.686,0.571,-7.138,0.05,0.066,0.0,0.0608,0.538,117.889,240467,70
7tTRFVlFzk6yTnoMcParmi,0.775,0.757,-4.607,0.228,0.489,0.0,0.28,0.541,140.044,251237,70
0YMe6PHRbeDcN7KJdCG0bW,0.747,0.531,-5.99,0.0477,0.266,1.8e-06,0.192,0.785,88.009,184768,70
6u3CPnFMKANYgfdiifFOiJ,0.539,0.615,-8.746,0.252,0.173,0.0056,0.144,0.493,163.924,214693,70
0uiHv6ieCOkc9sE9ae3nDJ,0.786,0.438,-10.537,0.391,0.279,0.0,0.105,0.154,85.924,89617,70
3Che0Dm9dlytqujcprVAwE,0.655,0.716,-5.077,0.0897,0.476,0.0,0.479,0.521,80.813,175302,70
58U47mHjyLwUwJZ7voUt15,0.339,0.73,-8.568,0.0358,0.00737,0.0,0.0472,0.837,183.144,144375,70
19gCnDoMbugHhF7eMpLpe1,0.66,0.139,-16.339,0.0323,0.964,1.1e-05,0.105,0.312,79.975,189000,70
5mt882Eqx22RwFOTE01jS8,0.825,0.234,-14.202,0.495,0.235,9.54e-06,0.0696,0.18,77.487,111484,70
4uuEGH5SVuzkkSFjo2DEiY,0.563,0.473,-11.548,0.0503,0.514,1.2e-05,0.109,0.405,101.934,208609,69
4KBJ6dFxtup8Ku4uQZcPQ8,0.618,0.605,-6.839,0.35,0.00196,0.0,0.46,0.494,146.514,175334,69
3S7A85bAWOd6ltk6r2ANOI,0.503,0.783,-4.761,0.0385,0.0221,0.00223,0.14,0.213,125.122,180480,69
4txrAyGAWA9JqZzoNHiPRh,0.102,0.0272,-31.537,0.0444,0.972,0.856,0.0755,0.116,66.714,128799,69
6tHISnh1biy5luSS9cvaNc,0.803,0.849,-6.186,0.092,0.197,0.000938,0.166,0.67,103.989,152895,69
3iDQnloxYVrnzE0eNZ85en,0.424,0.413,-15.691,0.0816,0.51,0.00808,0.13,0.236,113.412,83948,69
4bpyaPa1xruVgE2GtsYbIW,0.333,0.538,-8.653,0.0325,0.557,0.0,0.0977,0.63,149.377,204000,69
2Qz8kpCjxulML39zB6gQxY,0.58,0.752,-5.078,0.0267,0.49,0.0,0.277,0.72,148.108,186293,69
4JeOesjcWWlprTAvucDSJX,0.53,0.593,-7.286,0.0545,0.385,0.0,0.314,0.538,125.723,158537,69
5LEHlRPjGcZ5RdagAwXpHS,0.102,0.0333,-34.177,0.0476,0.797,0.927,0.111,0.0591,89.605,143053,69
5hY7DPBIJJc0tIBVMBIcIZ,0.104,0.336,-23.024,0.0569,0.148,0.94,0.946,1e-05,85.104,208000,69
4vDGc8mD9kHbC2Yy6pF6SE,0.731,0.746,-3.43,0.0311,0.00104,5.73e-06,0.117,0.555,125.016,147840,69
0WpKvgOUCpKowejZgeO5W0,0.181,0.977,-26.187,0.0433,0.13,0.885,0.797,0.0141,91.691,216062,69
1nxbn0COjeyH7MQZ27T3CR,0.412,0.958,-5.432,0.0997,0.000225,4.71e-05,0.119,0.341,164.072,224421,69
2IePEfMAtqWS6rLXXFZIgI,0.792,0.707,-5.218,0.0623,0.116,0.0,0.12,0.408,134.997,224042,69
2xPV95cfbyusygMTxpa3SW,0.544,0.572,-6.205,0.0319,0.118,0.0,0.234,0.52,169.885,196253,69
7HC7R2D8WjXVcUHJyEGjRs,0.506,0.626,-6.066,0.0287,0.156,0.0,0.228,0.321,148.035,263377,69
1ExDyvuvYw8aDaqpPqsVZh,0.138,0.00312,-38.986,0.0385,0.992,0.939,0.101,0.0498,141.904,126000,69
3uKqnQ0dGBcpovf9lV2nqg,0.517,0.995,-1.437,0.0989,0.0785,0.0,0.703,0.803,159.402,110134,69
1hUXDEqjNIIbfjTcaz3jzb,0.575,0.274,-10.242,0.035,0.908,8.67e-05,0.146,0.214,87.13,162759,69
4qshSUTSmcdgrMNyxgk2P2,0.716,0.0626,-21.4,0.117,0.996,0.964,0.13,0.267,83.342,77401,69
7nINhyXn6uwUkYLY5KQH0K,0.568,0.707,-4.445,0.03,0.00569,0.0,0.103,0.369,131.944,245307,69
2m3ObD945KvpE5y9A1eUWm,0.572,0.69,-6.201,0.0358,0.0474,0.0,0.0897,0.624,160.111,237580,69
0QCWhIYVGx3ousdsUZgy84,0.065,0.0034,-37.097,0.0489,0.984,0.847,0.101,0.0719,72.496,228000,69
6BLwiPtCG3OxqBpWQitbGR,0.785,0.599,-7.854,0.0305,0.395,0.0,0.07,0.781,100.083,225035,69
2VYnlKxB8jpbCeLUjQsebc,0.587,0.286,-8.839,0.0315,0.185,0.0288,0.214,0.302,71.123,224680,69
2BfYlQPq501DdEfc2inL9t,0.723,0.539,-8.591,0.0294,0.428,0.0,0.167,0.651,103.452,166016,69
0mG6igzxbH55XRyq3ygEh8,0.775,0.518,-5.857,0.311,0.455,0.0,0.121,0.646,161.011,123987,69
6h6runZeeczWEuEW2pFvYW,0.356,0.00558,-27.72,0.0417,0.99,0.934,0.0991,0.122,70.012,174521,69
1RJl5cZ8kFpoVFOS2x6scI,0.858,0.426,-8.879,0.0402,0.00586,0.761,0.0977,0.419,89.981,192897,69
6uwfVkaOM1mcMkFmSn35ix,0.546,0.613,-7.589,0.0264,0.418,0.0,0.103,0.535,79.015,215627,69
7sYMyRZ4bMyuIY5N3vbA6q,0.482,0.826,-9.312,0.104,0.0164,2.7e-05,0.218,0.884,187.025,133000,69
0zlaa4AmbFE7MVDijsyD9Q,0.338,0.847,-3.692,0.0458,0.00881,0.00105,0.147,0.232,139.061,341255,69
0Zo8a2oMdEKCBPFszXtxqN,0.635,0.558,-8.167,0.282,0.0975,0.0,0.168,0.601,155.885,149563,69
1vPBFWHQnKaDHr5wAT6szU,0.776,0.519,-5.434,0.0421,0.64,0.0,0.11,0.854,142.108,168847,69
34D6FJysnQioVingDKufuf,0.507,0.429,-7.726,0.326,0.0518,0.0,0.109,0.0744,91.0,273578,69
5fbHRCsGpFIOLRtlhCRFDR,0.62,0.586,-6.612,0.212,0.155,0.0,0.535,0.487,137.131,130980,69
7eResoqEJJAVTkQYSqvO3P,0.588,0.608,-7.062,0.0365,0.225,0.0,0.092,0.508,90.201,189496,69
0yOyMyQnV5ZCdn6BnIrOWq,0.742,0.654,-8.556,0.256,0.548,0.0356,0.105,0.678,149.944,69799,69
4Nw7kywWurWS6ceinn1cHK,0.799,0.452,-7.641,0.0466,0.238,0.000133,0.0878,0.732,78.461,176760,69
3YaycOQk7PoQpl7YdvmWdX,0.636,0.866,-5.796,0.0553,0.243,5.42e-06,0.371,0.963,85.004,191360,69
56sNhxLlrFYCbR0JFaK6w0,0.731,0.352,-14.262,0.389,0.856,0.000368,0.129,0.745,109.797,64197,69
2ULQtFHTzUK0DqcqWUlXxw,0.712,0.404,-7.594,0.12,0.32,0.0,0.121,0.548,139.991,222367,69
1RSjxBz03F6vEqoHT9jWBa,0.776,0.719,-4.431,0.0886,0.444,0.0114,0.195,0.232,91.948,169565,69
6ilmDtTR9yGrZCIOnMLNQy,0.779,0.642,-6.321,0.116,0.0383,0.0,0.2,0.388,82.363,153147,69
00KyYtT6NaXwbPecina5Pj,0.535,0.859,-2.922,0.0344,0.0528,0.0,0.32,0.698,102.008,166507,69
6B2uIq7JV0UfleZOHAulKD,0.771,0.536,-16.116,0.109,0.194,0.00919,0.153,0.688,135.684,146939,69
13rC4iKtfQocWIfzPOJxaT,0.505,0.814,-4.905,0.0439,0.0566,0.0,0.106,0.503,160.085,224773,69
4h3D9YX8raIWdDaDyiopow,0.978,0.459,-6.183,0.108,0.125,0.0,0.0791,0.75,122.009,216393,69
0IX5OFffosy8wk16m1IFCa,0.56,0.707,-6.863,0.07,0.264,0.000268,0.108,0.341,147.0,198058,69
7CIERzyqIwLVKGp00YbHRO,0.829,0.617,-8.497,0.14,0.227,0.00306,0.0618,0.81,125.605,98544,69
18QN5s8wxFP61qsKPLiBue,0.445,0.821,-5.146,0.136,0.0129,0.0,0.357,0.398,164.154,205147,69
0CfPMZ1DSdzglsMRpLDM2H,0.5,0.803,-4.591,0.032,0.11,2.12e-05,0.296,0.451,150.058,196707,69
4GyD3o5hWoyCuYpdlzZlRL,0.593,0.552,-5.838,0.028,0.18,1.71e-05,0.11,0.39,115.0,254181,69
7iUmO03ChCW5VZdaycM4aX,0.61,0.641,-4.423,0.0289,0.662,0.0,0.17,0.494,111.001,169613,69
30eHHpkjMNqb2F0V8nXjbJ,0.77,0.695,-5.553,0.0341,0.192,7.03e-05,0.226,0.76,119.86,172018,69
17sPXQa8bT24ToCYHXuQXI,0.498,0.931,-6.182,0.0737,0.139,4.65e-06,0.111,0.731,193.434,141333,69
3vxTQcZnjJMvCMK20udLDR,0.632,0.543,-7.693,0.0992,0.000147,0.0,0.223,0.248,144.177,200072,69
0tkgmjBMU6qSxolAKB3f2H,0.547,0.619,-6.485,0.132,0.0951,2.62e-06,0.0716,0.519,76.285,233070,69
4ka1FkKAMde6dQAFFMXKac,0.706,0.544,-7.275,0.0306,0.0273,0.0,0.087,0.477,115.935,177583,69
5SnQILxl7lE7J8bRgM3NSb,0.802,0.502,-7.136,0.059,0.856,0.0,0.256,0.675,123.097,208293,69
26gXWzhL8DZJSU5sODhVTs,0.635,0.554,-3.975,0.0343,0.134,0.0,0.116,0.315,156.822,196147,69
6RhqlFP8FOZLZ4GWqokALY,0.57,0.657,-4.571,0.0262,0.431,0.0,0.0777,0.721,142.031,210373,69
3FImu2LpSuH6gDHBuFgIbS,0.367,0.142,-12.717,0.0319,0.913,0.00367,0.107,0.1,69.827,189463,69
51Lf3l6wx008NdBxCQnD6B,0.57,0.804,-6.782,0.0701,0.0598,8.96e-05,0.187,0.624,87.533,199233,69
5DOj44TzDNJbYcStxI6Fbg,0.574,0.785,-5.189,0.0463,0.0515,0.0,0.169,0.429,135.042,144907,69
0GAyuCo975IHGxxiLKDufB,0.583,0.625,-8.011,0.277,0.506,0.0,0.196,0.516,89.812,266291,69
3g8n6JHQDGGjrE27lAtpvn,0.158,0.542,-24.552,0.0805,0.000453,0.941,0.391,0.0352,131.109,153066,69
6ztAOF9gzTWhF4IHW0Sclj,0.676,0.486,-9.403,0.0257,0.04,0.000367,0.39,0.363,100.974,237781,68
1PZoHdDM71mzOFW1T6H03y,0.157,0.578,-19.038,0.233,0.00221,0.512,0.395,0.02,109.559,148484,68
7ridH3hy4aXG6Kn1XomKrO,0.475,0.963,-2.651,0.0601,0.0016,0.0,0.344,0.355,134.013,226547,68
3J4VKkUpLvomXJbn9ZAypO,0.681,0.63,-5.585,0.0385,0.00383,0.0,0.139,0.183,151.951,161053,68
2dFqK2ZkYB9Xc47gr3xXWl,0.613,0.549,-8.187,0.231,0.097,0.0,0.116,0.78,123.879,180000,68
18vLqYV3OtOX84S0IGCHRJ,0.693,0.521,-8.574,0.0265,0.65,0.0,0.216,0.794,145.088,206874,68
5uICWmZTLkpEVbK22PBP6e,0.535,0.561,-11.609,0.0484,0.876,0.000136,0.115,0.287,96.103,257773,68
0NRHj8hDwwmSPaA41o379r,0.636,0.402,-7.855,0.031,0.0494,0.0,0.107,0.208,125.952,285280,68
67G6iaOw8DZqp1z8STR89R,0.893,0.463,-5.301,0.36,0.199,0.0,0.318,0.591,81.026,229601,68
2cVqu4Y1kveK3KuL1aXgNj,0.67,0.628,-8.823,0.0585,0.273,0.0,0.136,0.7,154.974,172955,68
7ya7Gr1dMpPIa4zXM6M5bd,0.853,0.687,-10.646,0.369,0.0113,2.84e-05,0.0772,0.799,120.04,130775,68
64rqvMhAPLLEag310IG3z9,0.736,0.764,-6.736,0.0482,0.222,0.00154,0.192,0.404,112.033,306429,68
7tLTxOJY6cjQz4aJYMs8Nu,0.58,0.788,-4.714,0.259,0.0123,1.84e-05,0.368,0.72,148.992,182426,68
5hNLVoNAD4OTWKeGFUDXwc,0.468,0.724,-9.157,0.0342,0.00607,0.0,0.0923,0.706,146.104,246125,68
3BDpkLMkgrtrM3HckrVIXr,0.595,0.617,-4.238,0.31,0.0395,4.06e-06,0.619,0.464,159.83,198107,68
52OkpDsU6MmPx1AwGOb6Ap,0.604,0.517,-9.014,0.0347,0.768,0.000155,0.123,0.511,127.967,275040,68
0GGHxdy1mw6OcS2dVAH0es,0.162,0.63,-21.441,0.0662,0.000333,0.989,0.384,0.0232,128.04,208000,68
3mkz6eI4Sram8UhO3teU76,0.554,0.8,-3.936,0.0395,0.119,0.0,0.629,0.463,115.056,160120,68
0xta6Gah3inmeHbj0e3F9a,0.894,0.615,-6.269,0.0826,0.0308,0.00921,0.309,0.661,120.0,193209,68
43Ykum9T72UOPhBN31grpN,0.515,0.545,-9.277,0.0353,0.855,1.97e-05,0.0921,0.535,88.856,260440,68
5hTl2uxJGd1sbLtovguuuk,0.763,0.667,-6.285,0.085,0.021,2.4e-05,0.0715,0.75,95.864,260520,68
3otr23EypFovRCjnPODejZ,0.521,0.761,-8.896,0.0372,0.14,0.001,0.0847,0.851,61.903,219000,68
25GyyK9CyZRiDCsPY51fIT,0.545,0.82,-4.489,0.275,0.0951,0.0,0.29,0.357,141.908,150476,68
1gWCfhUtzEtOkWS5lM6zca,0.122,0.448,-25.112,0.0871,0.00158,0.906,0.483,0.0391,97.48,102539,68
4lUmnwRybYH7mMzf16xB0y,0.596,0.65,-5.167,0.337,0.138,0.0,0.14,0.188,133.997,257428,68
1AGXmKhp5H6d1B2OwZwQdQ,0.591,0.778,-5.927,0.0292,0.165,0.0,0.115,0.386,137.956,224920,68
5Jwcv2Le3Klwgrgyqa12ZA,0.623,0.466,-7.6,0.0265,0.0421,1.45e-06,0.0996,0.272,81.98,225813,68
5jCwTeQv8DXJzsMmzv0qYi,0.113,0.947,-20.412,0.0664,0.444,0.916,0.765,1e-05,95.604,221979,68
33aow0AcXYvT1FoWNzMcqN,0.707,0.689,-7.097,0.0387,0.0255,0.0,0.383,0.41,119.987,195962,68
3kOi5KZTcCOdqFlUjF9CDZ,0.576,0.843,-5.26,0.029,0.0214,8.04e-05,0.157,0.628,126.009,226147,68
16gW9O8A4rIMx5OOVlzsSn,0.643,0.324,-7.817,0.0338,0.8,0.0,0.111,0.444,147.019,200940,68
0nqhKXDjsyBMvbeWmgijD0,0.582,0.537,-9.229,0.619,0.129,0.0,0.0749,0.771,82.103,180930,68
5zHLswJplBXyPstFSSMIOH,0.736,0.376,-9.48,0.0324,0.837,3.48e-06,0.151,0.633,108.066,155139,68
2vubFQgAJO5SeuVa7ytIHc,0.502,0.662,-4.041,0.0293,0.00322,0.00274,0.119,0.4,110.917,251293,68
1zS5TccQwMDp5ZsEnt4FAh,0.864,0.535,-8.959,0.257,0.794,0.0,0.113,0.842,112.491,146153,68
7F9cT6hIRhnFCYP6GKS0tf,0.59,0.493,-8.704,0.0367,0.402,0.00504,0.129,0.0498,150.026,252379,68
3lHh3EJvE0BMD7L3Kxvu5d,0.885,0.66,-8.984,0.395,0.0236,0.000136,0.257,0.466,120.001,122000,68
726a7JkoT1DetZYi6dGnMF,0.163,0.332,-27.529,0.0572,0.171,0.964,0.181,0.0183,83.987,130775,68
3MkXV52jXtsG4pvKp4cGE8,0.601,0.675,-6.358,0.0399,0.698,0.0,0.125,0.446,131.933,207667,68
1ZIKpMTRPqhwAoVXWY3tXI,0.596,0.679,-6.395,0.0394,0.723,0.0,0.116,0.479,131.912,207974,68
4CTDJG3F26MUJEwnJ2fhJh,0.237,0.512,-27.513,0.0465,0.119,0.323,0.818,0.00328,70.243,129000,68
7Dfy5ldWfkX8XTbpxYEuob,0.186,0.515,-10.885,0.0429,0.00301,0.915,0.205,0.276,81.279,214843,68
3p94RpSxQdZocUfrzpemmm,0.744,0.714,-6.09,0.0333,0.132,0.0,0.262,0.614,119.964,136000,68
0KYvs7DKC7Cl5IHmwpP13f,0.688,0.761,-4.607,0.163,0.00477,0.41,0.175,0.536,111.014,114625,68
5rw1Kmm5BklmJzbgh1HCXr,0.665,0.719,-6.875,0.0394,0.76,0.108,0.411,0.926,95.973,184062,68
55Vf4bimc1Rtfg0PAQRAo2,0.559,0.334,-10.733,0.0376,0.87,0.0,0.114,0.211,122.079,315147,68
2DTpP3caqX3QdJIEoS83mD,0.861,0.637,-7.701,0.133,0.392,0.0,0.0929,0.754,87.006,198621,68
5irzewJoHob42Nq3P9kOYh,0.825,0.366,-6.973,0.0614,0.624,1.87e-06,0.0575,0.75,94.032,117447,68
1Vrj9Vcbb0lOG94pQbYvzv,0.804,0.609,-7.848,0.0633,0.68,0.00253,0.261,0.713,133.043,116213,68
2awNGIJHodfLZSClB3PYhz,0.537,0.537,-11.266,0.0617,0.819,0.000904,0.142,0.292,107.895,275320,68
2Wx5BlOCoLw3mNf0YtFxqh,0.226,0.968,-22.489,0.0552,0.0383,0.964,0.943,1e-05,70.689,208000,68
7v6zWoWAcqvOLQHWr9abJN,0.725,0.636,-11.056,0.0461,0.000276,0.00456,0.224,0.747,139.012,76722,68
29t9XYOV65fFXiVzFFJgHH,0.671,0.639,-6.852,0.134,0.0928,0.0,0.0941,0.385,119.82,216000,68
1pbbsI2KGPOMu0HmuGccBu,0.555,0.712,-7.446,0.323,0.0451,5.14e-06,0.182,0.555,78.958,515865,68
46oHvXwpEZOFX518we1nJD,0.703,0.845,-4.851,0.337,0.169,0.0,0.122,0.745,97.672,146482,68
0tQ9vBYpldCuikPsbgOVKA,0.393,0.531,-6.112,0.0329,0.0181,0.0,0.169,0.224,200.391,312107,68
6BiCjPFN5rM9JPy5eP5mCs,0.971,0.677,-6.895,0.092,0.0476,2.22e-05,0.112,0.58,120.027,158051,68
5VYWxXUpxuxEmCqMLDqICo,0.546,0.73,-7.704,0.0417,0.66,0.179,0.0972,0.573,157.895,215920,68
3lhLML5eIwmPnw2xWKosZX,0.483,0.8,-8.596,0.048,0.39,0.848,0.213,0.365,192.057,225000,68
6jhLdxpo93lXFaJwX7znaa,0.587,0.523,-6.2,0.0272,0.497,0.0055,0.102,0.182,137.94,249613,68
1kKDVYavcoEH5N6R6ezM6T,0.713,0.185,-11.256,0.0974,0.97,0.0,0.166,0.645,100.997,72976,68
1cMMVJ4FDqhCci9efd1BU6,0.852,0.747,-3.666,0.169,0.0311,0.0,0.0789,0.898,148.005,195681,68
01FvQEvHETjWqcDpQDJdTb,0.555,0.771,-5.237,0.0282,0.247,7.26e-05,0.149,0.442,139.971,185093,68
1BVzLiBS3MWmXzqcxBFJDt,0.476,0.864,-4.025,0.0946,0.156,0.0,0.0982,0.53,180.316,179187,68
3oGVx9RBmiYGv5ZCecWLkx,0.611,0.552,-5.828,0.031,0.256,0.0,0.134,0.41,116.012,263533,68
1goiRWxiG3GTlODrdDZ7NR,0.335,0.639,-6.598,0.0369,0.265,0.0,0.107,0.381,139.912,598995,68
1RE3rZvv6kImf4fIZCjs2I,0.706,0.695,-9.667,0.17,0.000648,0.000134,0.108,0.474,75.511,165107,68
0k0vFacOHNuArLWMiH60p7,0.578,0.909,-3.669,0.0628,0.0222,0.0,0.333,0.541,100.023,200576,68
1MIGkQxcdAt2lDx6ySpsc5,0.801,0.688,-4.594,0.396,0.144,0.0,0.107,0.5,162.928,157675,68
2k5rWMAz9RvFS3k3kk3cc5,0.726,0.481,-8.254,0.207,0.141,0.0,0.155,0.224,79.978,135000,68
2Q3jFbyE61mCjS3SkW4toJ,0.488,0.635,-7.19,0.26,0.179,8.16e-06,0.156,0.783,174.072,269884,68
4pHiqPxCRQeNMgoPqdXvJ3,0.575,0.618,-6.822,0.116,0.508,0.0,0.154,0.864,171.954,122264,68
6ON9UuIq49xXY9GPmHIYRp,0.642,0.576,-8.524,0.0282,0.488,0.0,0.159,0.469,125.0,245290,68
7A2cNLRT0YJc1yjxHlKihs,0.628,0.685,-5.864,0.0358,0.00324,0.0,0.18,0.605,126.014,220413,68
1ztwML7G0PytrYEUE0XTa1,0.388,0.465,-9.294,0.0324,0.484,0.0,0.276,0.421,73.774,178319,68
4gAtj23mqTx5pjfkzVaXhh,0.707,0.531,-6.754,0.206,0.684,0.0,0.163,0.438,140.952,165971,68
4ydmav4vl7hebadtfZtMrg,0.467,0.635,-6.115,0.154,0.314,4.16e-06,0.844,0.51,127.596,88625,68
0hiHNxqKGf3GZgVTIOAiiK,0.614,0.526,-7.492,0.0603,0.468,0.0,0.0939,0.366,177.913,186552,68
2JoJrsEV15OzbijS47lids,0.482,0.779,-5.025,0.0409,0.0135,0.0,0.296,0.328,158.162,241822,68
7oe04qLMdQxHXhcGIfShXf,0.877,0.462,-14.419,0.0542,0.21,0.000208,0.145,0.888,119.989,160000,68
6Zrs6gUUaSkM1Z7d0FxOlF,0.227,0.00268,-27.348,0.06,0.951,0.912,0.109,0.228,64.26,146000,68
2QXWdzWLvRZToFFyY49Exz,0.894,0.797,-9.452,0.361,0.515,0.0,0.0654,0.632,143.917,124514,68
1YDebgap5OFwXEBG18NJvy,0.933,0.656,-5.85,0.322,0.129,0.0,0.161,0.934,119.987,159083,68
0R6sz2EUOMSM3qaZHEpG63,0.514,0.693,-5.562,0.0263,0.0551,0.824,0.195,0.771,89.984,68000,68
7FdmHr87G79PDRGy9SPBkZ,0.949,0.683,-4.242,0.0946,0.0199,0.0,0.171,0.887,130.012,184635,68
0oSVZClSSfn4aacXvdmkuj,0.676,0.494,-7.077,0.261,0.135,0.0,0.0995,0.756,169.685,93176,68
0JpexR4X82horswlU2LFsq,0.968,0.423,-12.353,0.392,0.00224,0.0,0.114,0.349,105.989,126587,68
47FkzJm1bUaIc0OaGZvslL,0.499,0.468,-11.023,0.522,0.703,0.0,0.167,0.719,163.117,107253,68
1NaDK3atogQEn9glK5fYuy,0.55,0.803,-3.608,0.0347,0.000561,0.000523,0.0266,0.877,130.015,164691,68
79uzBl8P29fWo3doFgjCK0,0.712,0.695,-6.926,0.048,0.00847,1.96e-05,0.0761,0.742,110.85,169643,67
1TZv3bujNaYz646eezRE91,0.573,0.867,-2.876,0.168,0.0853,0.0,0.38,0.231,74.861,339506,67
59fFsGRwFiuhxKDPc1k6xW,0.829,0.343,-4.937,0.102,0.00734,0.0,0.179,0.312,78.035,135431,67
6TNkJPyBho8mQE6IziibHu,0.68,0.638,-7.592,0.325,0.00257,0.00196,0.122,0.322,150.033,163240,67
3O9lWje3TSupR4vObAg9Yu,0.621,0.753,-5.904,0.0271,0.581,0.00605,0.215,0.438,127.035,239120,67
1wvBsgAAOSOsGvedOeoAPP,0.167,0.164,-38.138,0.0874,0.896,0.963,0.112,0.039,126.747,218000,67
6i33i1yO8ye2tFYkN9C1Dx,0.553,0.723,-5.858,0.0303,0.0248,1.05e-06,0.252,0.616,88.007,186907,67
3oV2RVOmwdWdf9BmGS4Oad,0.741,0.499,-8.035,0.0356,0.23,0.0,0.125,0.692,103.96,144760,67
0tnT8B415mZyOYETy2ulVv,0.613,0.668,-5.812,0.2,0.591,1.37e-05,0.169,0.716,141.826,108169,67
66tOfHVH3aUrscg8vExRV4,0.605,0.488,-8.322,0.0264,0.696,0.0,0.129,0.354,119.966,225880,67
6g3XrmNrWVa33dZuxIhMbF,0.701,0.547,-8.238,0.0483,0.00843,0.0,0.0987,0.4,140.015,206108,67
1hE8iI3YK9x1VUBDtSzg3x,0.718,0.684,-5.16,0.248,0.0182,0.0,0.233,0.856,146.084,159452,67
6VVqPBFZIbcmv14zNfOc13,0.79,0.325,-11.689,0.127,0.509,0.0,0.155,0.539,126.877,163311,67
3CJaDcjZKse7X7eVUukQJB,0.505,0.276,-12.784,0.0343,0.756,0.000508,0.369,0.596,103.056,225000,67
18lkWhwmY0fVVv40eCxohv,0.732,0.69,-6.41,0.0595,0.0215,0.0,0.224,0.325,78.005,149145,67
2FBXdFBzEqz29fEtn2zp07,0.817,0.704,-7.697,0.211,0.0613,0.0,0.236,0.452,94.486,132794,67
5NXthnJecYXjt7sTEWETTY,0.71,0.543,-9.141,0.0527,0.478,8.66e-06,0.0988,0.481,83.965,138929,67
2QJLqxLXlzMiApFS6eBY4G,0.74,0.535,-8.834,0.18,0.0015,0.0,0.202,0.215,77.498,148694,67
62nb5YUYUqtYJhVPwRhCke,0.788,0.628,-5.746,0.12,0.00715,0.0,0.132,0.479,104.083,166911,67
4qAyNOBPAMIs1oiBe8q94U,0.582,0.447,-11.651,0.107,0.819,0.0358,0.0902,0.168,124.286,62420,67
6t3e2UfHXGVdxXJhPYj6Lg,0.213,0.0429,-28.484,0.0413,0.88,0.724,0.105,0.101,69.86,178909,67
3FFYH9A5rLqohxQhNW4Qka,0.939,0.687,-5.215,0.126,0.058,0.0,0.101,0.936,120.022,78426,67
2LbNkvmYabhVf9jBCVeLm7,0.816,0.46,-8.177,0.382,0.0667,0.0,0.128,0.392,159.985,212027,67
3opC4kS9RpbNJw7aORFmGF,0.606,0.543,-14.387,0.0509,0.0215,8e-06,0.337,0.569,137.99,68547,67
1Te0tlHsR9TKyP1DF7inQD,0.777,0.406,-9.669,0.255,0.676,0.0,0.123,0.715,95.128,116523,67
7sGULdccMGSggXDq7ZjT3w,0.733,0.813,-4.752,0.0608,0.506,0.0,0.303,0.487,90.002,152000,67
0JuSGEldfovcc8IS9va1wa,0.595,0.656,-7.868,0.247,0.148,0.0,0.47,0.416,99.811,242400,67
1fxYz1s15pyZLsJT0Hdh1m,0.643,0.403,-11.254,0.41,0.343,0.0,0.138,0.111,98.54,174682,67
4qUijfYU8EoIWiY6oSyrgT,0.624,0.624,-7.86,0.0539,0.334,0.0,0.0995,0.527,80.132,242158,67
4YMc3A256xFBS0xcT77Qce,0.607,0.851,-7.754,0.0364,0.623,0.351,0.107,0.479,168.049,188571,67
0soNGRgFn7aq1T4LXtFDMb,0.81,0.658,-6.92,0.329,0.022,0.0,0.309,0.433,82.532,168727,67
01QdEx6kFr78ZejhQtWR5m,0.546,0.273,-9.208,0.0308,0.819,0.0,0.137,0.271,118.753,267833,67
0q1H8leLjzZvjHhgNBiVOx,0.79,0.688,-5.474,0.0319,0.0996,0.0,0.111,0.815,97.483,146840,67
03ERnTvSV5fy8WAyvA4uNP,0.879,0.574,-5.602,0.391,0.519,8.76e-06,0.144,0.346,144.911,243463,67
1ayV64ur8VWgc6OPtPRl1q,0.842,0.522,-7.844,0.0985,0.293,6.91e-05,0.107,0.285,132.986,159160,67
3lsWwQnDg99gtni4g5V0UG,0.497,0.388,-9.928,0.0525,0.639,1.99e-05,0.0666,0.635,171.976,242442,67
5R691ipUYRDYW6ehapjoj6,0.713,0.793,-5.277,0.397,0.271,0.0,0.727,0.203,71.724,196946,67
6T3Ebo7EOh8cUOyE4OhFpp,0.629,0.579,-6.543,0.107,0.811,0.00366,0.0813,0.363,135.86,204706,67
1uGzYOG9N5AcGjY1EwxtdF,0.532,0.833,-2.362,0.051,0.0152,0.0,0.0747,0.102,176.06,109116,67
7sYfWTa2GD1KCaLgGFmFM5,0.903,0.828,-6.432,0.174,0.0715,0.0013,0.0622,0.912,124.947,163200,67
4Dduhh8xWr0XCBoVJthchN,0.202,0.00618,-33.929,0.0487,0.968,0.957,0.142,0.0601,63.358,139548,67
6Wlq9rqkxrqj5Kls4Kw14H,0.39,0.27,-10.673,0.0308,0.937,0.00227,0.111,0.32,125.177,304107,67
78sdhV2qA9aFFzwhPdEQh5,0.529,0.356,-10.942,0.0288,0.0276,0.0,0.108,0.223,94.952,204318,67
4cOdRhWoQg8wrtggw6YZLY,0.49,0.449,-12.361,0.259,0.142,0.856,0.13,0.155,119.847,136150,67
5Ne1q9Hv3l2NHBA3Agt8WT,0.695,0.656,-6.038,0.0489,0.057,0.0,0.267,0.346,90.986,213842,67
5MG69A9XyXDbBbeOxdR3Tl,0.796,0.727,-4.726,0.04,0.793,2.49e-05,0.0858,0.818,104.98,123950,67
5OLSGox6JVpAyEQuoSYRcs,0.673,0.839,-6.787,0.0373,0.0177,0.416,0.126,0.24,125.03,188160,67
6ClOCtJhmZ2WmunnR9vJ8D,0.739,0.598,-9.292,0.0896,0.192,0.0147,0.38,0.231,125.025,78459,67
34V9RiEPe8MNdU32qJsJa1,0.609,0.373,-8.819,0.0263,0.849,0.0,0.0779,0.13,106.007,244237,67
0QezBrYzFFT0f68zK6EvZI,0.699,0.628,-5.163,0.0369,0.49,0.782,0.101,0.607,79.968,138268,67
5oATfmosbG2mlHI34TgujK,0.656,0.693,-8.095,0.181,0.0206,0.0,0.104,0.326,75.998,138815,67
3MUkijIqsNm4XIq3EerPpt,0.678,0.64,-7.486,0.0268,0.283,0.00067,0.682,0.701,90.058,155500,67
2NnJpRXIlx35Vij3bPZO0h,0.632,0.922,-2.173,0.0794,0.00558,1.81e-05,0.0927,0.497,88.972,137747,67
34axCSujRVT7YWmDvisjdQ,0.597,0.716,-7.414,0.141,0.0159,0.0,0.265,0.64,158.127,133747,67
4nNw167LUp6j2VvuJdbtv8,0.789,0.609,-5.969,0.174,0.0439,0.0,0.178,0.0816,136.001,172401,67
5tnRnYnQIm9iJCraZGpOJp,0.408,0.256,-8.016,0.0306,0.833,9.59e-06,0.0998,0.186,73.854,185347,67
06BY7fb0Ztz7f7JPRWSBZ3,0.443,0.731,-4.997,0.255,0.289,0.0,0.207,0.956,147.818,168649,67
0BiK5BbYNFLb88CCOxBFJe,0.386,0.762,-6.341,0.564,0.122,0.0,0.527,0.433,170.691,138312,67
73aofsDvxQznhWLfgQ5gBz,0.624,0.64,-7.735,0.0806,0.0529,2.8e-05,0.119,0.592,88.942,169976,67
3KrbX6XhTdxeIckOgjygMc,0.447,0.347,-10.042,0.0364,0.225,0.00279,0.0891,0.233,167.032,261856,67
1QL7nSDZCwZMnbisV4KOXt,0.39,0.83,-5.201,0.0563,0.0021,0.0,0.156,0.191,90.021,168030,67
0UTyLmkQgPOEIz95OVAJTR,0.667,0.582,-5.791,0.267,0.00466,0.0,0.124,0.141,121.972,316733,67
58XuhoLGFJCqpD5EOPif3f,0.542,0.218,-7.817,0.0328,0.848,0.0,0.0983,0.175,127.569,201705,67
1SjBcdzWbs79UTCrH4qXJf,0.616,0.617,-8.431,0.52,0.128,0.0,0.177,0.476,175.929,177273,67
2hRlHXzOf14ArYmOPeAXsa,0.692,0.721,-3.244,0.389,0.405,0.0,0.0773,0.496,168.084,200050,67
3diZz7nVRbyuvAXSW7hzI7,0.602,0.701,-5.604,0.09,0.263,1.02e-06,0.112,0.375,124.033,156774,67
02RCTBFKyLaECOTgfr0zTM,0.581,0.715,-5.524,0.0413,0.162,1.27e-06,0.258,0.52,90.123,176707,67
7MuU7UbVaKyu4HkHBoHwrD,0.577,0.683,-7.699,0.0523,0.028,0.00329,0.156,0.728,115.058,204522,67
5aJOyuvqhcCRpaUCubwXk9,0.77,0.539,-7.705,0.297,0.674,1.09e-06,0.158,0.39,84.977,192000,67
6I5zXzSDByTEmYZ7ePVQeB,0.422,0.874,-4.606,0.0534,0.000166,0.231,0.143,0.392,102.743,233880,67
3nDjCWmn3FHTI9q8y2twLS,0.547,0.453,-8.779,0.0358,0.189,0.0329,0.119,0.412,73.016,99127,67
6GGmABM6AMwMzEhK7szqJT,0.772,0.457,-8.359,0.0365,0.00193,1.71e-06,0.0739,0.527,111.997,212450,67
7eX3um6NpOQKWJMGCi97XD,0.779,0.705,-5.891,0.163,0.00471,0.0,0.0971,0.196,140.005,192804,67
4ufkuONjQMNR2fyXu1bO9w,0.704,0.701,-5.442,0.0594,0.058,0.0,0.127,0.592,88.024,168163,67
7zl7kehxesNEo2pYkKXTSe,0.924,0.73,-6.125,0.274,0.0525,0.0,0.113,0.848,99.01,236666,67
7uIgmq5lixaNDaYcUDSsC3,0.523,0.609,-7.802,0.191,0.059,0.0,0.14,0.374,154.051,139041,66
4TLJNON6mZLpfZX3g4Oh8B,0.794,0.389,-6.132,0.0545,0.0375,0.00194,0.109,0.259,114.92,136696,66
5ikjIVLHoBrgaZ0zNrn6Ty,0.881,0.884,-5.185,0.0932,0.303,1.62e-05,0.157,0.633,126.033,142708,66
50ceCGZ3oD3U5caQV5bP6f,0.519,0.851,-6.001,0.29,0.118,0.0,0.178,0.711,123.823,213104,66
3IBHk8pwBYyzlKYGVmoWQt,0.517,0.738,-10.119,0.0347,0.413,0.174,0.187,0.19,129.988,465744,66
7dyi7AorhfCTJvGFjXwpyU,0.642,0.702,-4.342,0.0551,0.162,0.0,0.289,0.693,121.971,255733,66
1JTQG8J8jN8tjDTyUWnaRe,0.576,0.474,-6.342,0.0331,0.75,8.74e-05,0.0944,0.4,77.834,186459,66
7m7zZuRVyRsQunMbcTc4e6,0.585,0.754,-5.396,0.142,0.383,0.0,0.108,0.666,102.853,155153,66
5GqFHxvAVUmZPdAFj6THjD,0.437,0.902,-4.915,0.0372,0.0374,0.0,0.089,0.564,150.017,188255,66
6kCFt2ATuMIE5H9zVEJXei,0.522,0.801,-5.424,0.1,0.224,0.0,0.301,0.491,155.928,189307,66
3HGnIIdHYIbkowzLk8UHbE,0.678,0.528,-7.317,0.0551,0.289,0.0,0.0734,0.614,79.018,194545,66
7n6QMW76A5qgfn0Mb4aL7i,0.574,0.664,-7.713,0.0334,0.305,2.29e-05,0.143,0.727,111.933,213855,66
5E9YnE354Ua2h05nu4lmcA,0.728,0.643,-5.353,0.248,0.109,0.0,0.123,0.62,155.009,176213,66
0YfRAYTNTNszGg8VARrSIH,0.611,0.846,-3.548,0.0374,0.178,0.0,0.12,0.544,129.961,153253,66
6pmNoWKk0r6zfIjWneJRxR,0.718,0.628,-5.334,0.373,0.0884,0.0,0.186,0.771,139.769,154433,66
2Zk3NTeP14Mc0Ub8xemjT4,0.72,0.457,-10.69,0.0889,0.0193,0.000126,0.0838,0.0377,119.94,67220,66
27sBcXtgTBSJRdUxei1a7J,0.766,0.539,-4.927,0.0479,0.402,0.0,0.104,0.888,120.175,188501,66
67wUHsoXdZ8UOLt6rodpQ9,0.585,0.863,-4.061,0.0401,0.0446,0.0,0.0937,0.788,147.931,210560,66
45vDAZmpEf8BGVd1EA9yLA,0.666,0.707,-5.444,0.255,0.0862,0.0,0.334,0.627,160.0,168000,66
3h90gypXwmPw2EclCHdfcF,0.644,0.515,-7.714,0.0328,0.189,0.0,0.0919,0.52,81.642,182694,66
2PLOCIYlFr8XxNsz0Lgs4l,0.546,0.845,-5.884,0.063,0.00341,0.0,0.45,0.581,162.101,254764,66
4KOEQ1VPa1Ri5PWT1h84jt,0.699,0.642,-5.246,0.0319,0.376,0.0,0.0848,0.796,94.974,156200,66
5psl7bZImUdYdKfajE2r2v,0.617,0.561,-12.026,0.235,0.901,0.00111,0.264,0.618,154.724,114092,66
6Xve7pWqzW6CQV8mlXzpBe,0.688,0.678,-3.903,0.0348,0.0359,0.0,0.0331,0.909,120.058,129000,66
15eJjGIuCDEtF6ph4Hd3eR,0.292,0.448,-7.931,0.036,0.187,0.0,0.235,0.331,80.092,205760,66
0ODaBMQ3tbTefbmbMWTwdT,0.463,0.76,-5.958,0.11,0.0379,0.0,0.115,0.65,123.899,164347,66
5a03ZGBn3dqr3H3W3li7FO,0.484,0.605,-10.984,0.211,0.0475,0.0,0.122,0.819,168.846,184848,66
44BAhrrgZKylwZh8zlUSaQ,0.545,0.63,-8.675,0.0953,0.0781,0.0,0.195,0.263,140.22,161254,66
35CpkPPqi9RXlETJZw5BYS,0.613,0.478,-9.217,0.0288,0.389,1.71e-05,0.108,0.439,100.037,281107,66
3Kwdm0iLyEiRB8InsZoo6n,0.773,0.281,-9.781,0.11,0.24,0.0,0.112,0.465,102.019,227706,66
4lFp9RYuggXl9CNyaxBtgh,0.861,0.865,-6.068,0.296,0.422,0.0,0.132,0.569,102.552,85463,66
6xuanMNaG2dTziSnRmZdyG,0.742,0.194,-13.175,0.0299,0.275,0.108,0.0652,0.549,125.007,153621,66
37WtW8yj9PfLuM4YMnMIj1,0.664,0.571,-9.697,0.155,0.00377,0.0267,0.214,0.49,141.951,121757,66
2FSVMyqLldC36p0deIYvI9,0.746,0.884,-3.348,0.33,0.138,0.0,0.146,0.664,140.1,264416,66
2p6hbwOB2u5hI4Uc8FDNL3,0.481,0.715,-5.626,0.0334,0.244,0.0,0.133,0.395,90.966,182227,66
25qk9xa71F1POdI4vj7rbi,0.506,0.563,-7.664,0.411,0.0326,0.0,0.0856,0.153,168.146,190509,66
6nViFsaHhvPV6GLms1R0oe,0.587,0.544,-11.099,0.0296,0.72,0.00735,0.1,0.389,122.119,212213,66
6ziQdexOHyC2gkZ1iNoi1w,0.812,0.784,-4.208,0.249,0.136,0.0,0.109,0.381,145.995,211644,66
5M5FbqhEDQuhFeKumZVTjj,0.557,0.522,-13.492,0.357,0.0632,0.0,0.355,0.365,166.032,179618,66
1HsOTiVqdN7PB1zOS2bcsO,0.672,0.654,-4.528,0.0966,0.201,0.0,0.1,0.404,78.512,188026,66
5NhcE6cuJjVYyVEKp97zOt,0.516,0.748,-6.049,0.0289,0.241,0.0,0.123,0.433,85.004,157440,66
0OHCBD5hjjsxmr1z5PmfWY,0.546,0.583,-8.029,0.278,0.309,0.0,0.124,0.412,139.808,102922,66
0UotfxRXpJwpem9QheCD5a,0.645,0.734,-5.892,0.0266,0.139,0.000833,0.159,0.797,133.989,199947,66
0LwwQLNOCvQF9xqD9rJ0Un,0.774,0.447,-10.116,0.119,0.695,2.21e-05,0.126,0.779,140.013,154000,66
0mehSdTadpXbHAWTrnrIXO,0.726,0.411,-12.929,0.0671,0.438,0.0,0.087,0.734,137.905,190459,66
26BMsCXJpD7eYtP7ufhApC,0.67,0.424,-14.297,0.292,0.333,0.0,0.112,0.743,77.685,148715,66
1z7LV5wkExwW8YJk0IrPUA,0.826,0.616,-5.479,0.328,0.241,0.0,0.287,0.612,127.925,181199,66
6LVzOLJkzG3C4hLNOdaBry,0.606,0.737,-5.745,0.0321,0.134,0.0,0.057,0.65,82.966,171027,66
4FdPnT2cFrpWCmWZd7GXc3,0.471,0.846,-5.269,0.0389,0.00279,2.86e-06,0.145,0.539,100.089,213719,66
0Iuw6WPws324i7G7sCejTX,0.469,0.673,-8.015,0.0337,0.418,1.41e-05,0.119,0.578,175.954,174838,66
6WqiXCXs2wb3eEL9TSrgXC,0.779,0.842,-4.09,0.282,0.0972,0.0,0.168,0.401,125.939,109610,66
0DbO2UQHQvlcwMppuvmTpI,0.915,0.645,-7.067,0.343,0.0478,0.0,0.139,0.593,142.902,130507,66
3T9BKc4kB7ukeNQrCqv6ZV,0.681,0.63,-5.585,0.0385,0.00383,0.0,0.139,0.183,151.951,161053,66
52KlXDEkCkgZxuMjSqzY4L,0.639,0.684,-5.619,0.0353,0.00966,0.0,0.194,0.465,88.05,137297,66
2fSuoIlA1uTERXunbshSWh,0.403,0.516,-7.983,0.0343,0.449,1.26e-05,0.0937,0.428,170.015,194293,66
67WSWDDuEEmBIXTchwACs1,0.567,0.302,-11.25,0.0355,0.627,4.75e-06,0.0873,0.539,64.273,202507,66
3GkEnNf2RWmdwkA2FfjQ3g,0.771,0.817,-6.791,0.214,0.306,0.0,0.155,0.554,123.952,174413,65
6uOMIOljAGYvk0pVMpYxFI,0.653,0.752,-8.083,0.0355,0.345,0.0,0.117,0.718,97.806,124267,65
7MFuhP7p3fPQc8sYyeWL1x,0.418,0.628,-8.493,0.0354,0.461,1.99e-06,0.186,0.462,83.926,224547,65
2Q6NVIPwqtosYBXQ0C00d0,0.619,0.927,-3.765,0.0346,0.0192,0.0,0.138,0.928,137.975,186187,65
5KcBudCONtFGSI4c9YAH5u,0.552,0.886,-4.906,0.031,0.000892,0.0,0.14,0.62,142.048,198113,65
1qlh1WxuWilyIWRwdsKMuJ,0.532,0.572,-6.794,0.421,0.00984,0.0,0.143,0.369,160.517,225664,65
4DCSx7XCBxYWuc71WL02j2,0.687,0.506,-11.653,0.166,0.66,0.0,0.0996,0.328,141.979,142716,65
6OfnUW7ojHMgfubWVOeCkN,0.495,0.616,-8.15,0.0429,0.323,0.000129,0.224,0.396,77.516,99226,65
5dfTPMTMjMAW1CwxSwzWb5,0.85,0.836,-6.689,0.0789,0.000108,0.000115,0.139,0.425,131.961,123636,65
0dpyzcT3RMNNSd2xKBf35I,0.653,0.877,-5.82,0.0275,0.0102,1.04e-05,0.32,0.62,109.985,195371,65
12DNxMLgOdNTjChoV9ynNY,0.955,0.646,-5.924,0.26,0.0883,0.0,0.215,0.691,125.132,190037,65
7aVjnFsARHuTBZzkR6rYOR,0.881,0.529,-7.398,0.422,0.000884,0.000167,0.124,0.223,87.996,120110,65
3y8HeC82z6JzIcnLEj0GcO,0.485,0.32,-11.761,0.0304,0.677,9.54e-06,0.0819,0.455,78.797,171574,65
7uEruRFEeMn57hrmZhA4w5,0.793,0.462,-12.939,0.0628,0.124,0.0,0.0995,0.474,106.226,154992,65
0M0YznaIOwAdoo2cT2KwpK,0.517,0.712,-4.65,0.0376,0.092,0.0,0.109,0.699,80.999,203040,65
09xpQPfKWdio1wx6v17dGa,0.471,0.71,-6.462,0.213,0.0618,1.7e-06,0.338,0.599,80.453,177743,65
1jNapyyVxPB4X6gewQjEM8,0.712,0.636,-7.188,0.0566,0.303,0.0,0.112,0.126,134.927,155259,65
2cpwCl4uQlyub8HOqkh5sl,0.486,0.641,-5.91,0.0546,0.348,2e-06,0.233,0.423,145.947,186719,65
5BwQjRasNcdRPuVWKcHto2,0.563,0.703,-5.756,0.0702,0.126,0.0,0.213,0.294,94.983,238972,65
2AaJeBEq3WLcfFW1y8svDf,0.649,0.508,-10.232,0.0959,0.0345,3.59e-05,0.0736,0.405,157.975,194051,65
67zLByRJnWEBgInykFoV5D,0.561,0.823,-6.81,0.034,0.000159,0.000506,0.154,0.161,92.0,201280,65
33mGvwUKn4KgyP3qKoDwDA,0.615,0.814,-6.115,0.356,0.115,0.0,0.377,0.252,88.606,80483,65
1v3Ozpbcx2B926aVW0UuXk,0.731,0.626,-6.919,0.0805,0.125,0.0,0.183,0.862,82.488,173640,65
5PmtPTXrLqgqQfqngsUqZp,0.834,0.402,-10.277,0.072,0.76,0.0,0.279,0.684,122.008,114428,65
3q3lSbfT5BnQlIvGwahgAD,0.671,0.686,-8.269,0.0271,0.597,2.24e-06,0.283,0.547,111.007,211990,65
1Ndx4AI3Bco1Ewc84OrOQP,0.64,0.816,-8.433,0.0895,0.124,2.98e-05,0.213,0.462,106.984,143922,65
0cvmA0xg8FkzKvBnO8987X,0.586,0.931,-4.096,0.0453,0.017,0.0,0.0498,0.472,134.051,171865,65
0A402ZdxwQzaVdyH5Zav5X,0.39,0.627,-9.811,0.0367,0.406,9.06e-05,0.0792,0.273,144.116,337152,65
1wqg2VowoogPATrqPzrpi3,0.745,0.637,-5.912,0.312,0.187,0.0,0.114,0.424,79.946,180002,65
2ySaltE2swk0QsimILPK05,0.725,0.308,-9.941,0.039,0.604,0.0,0.121,0.154,126.061,249428,65
2M1LHRfp0vsJKjKfKxOUx3,0.688,0.641,-6.327,0.329,0.000129,0.0,0.227,0.553,146.223,100415,65
1HEK0M5263Yn7WlNlj49ox,0.739,0.352,-14.29,0.276,0.279,2.43e-06,0.0633,0.157,79.466,163027,65
46PndWC5iW7JpdmaY2Jswq,0.863,0.587,-7.455,0.295,0.212,0.0,0.0832,0.749,93.29,95484,65
6c2fFD063NEWc9TRB17xuf,0.69,0.784,-5.844,0.37,0.0986,0.0,0.0829,0.666,142.261,194083,65
7xNYZeFtrB05pi9tc6lEeb,0.472,0.701,-4.563,0.0369,0.0387,0.0,0.107,0.515,79.805,169440,65
2pUQX4d3Cjh3umGkVz0XyI,0.475,0.805,-4.456,0.0377,0.000453,0.0,0.143,0.488,145.976,199680,65
7u6kAP26NFU2rwNKjFUpI8,0.541,0.903,-4.746,0.0901,0.00546,0.0,0.205,0.767,139.981,178680,65
3jweuceENR5zzn10LhcjPH,0.89,0.674,-5.45,0.318,0.107,0.0,0.111,0.248,134.028,216548,65
2ELp0EL65yitpfJYwc5983,0.744,0.697,-4.067,0.136,0.0415,0.0,0.112,0.238,150.046,192921,65
6eaTOaQHqkjuNvoShsoXhT,0.676,0.551,-8.386,0.0318,0.35,2.42e-05,0.137,0.301,81.47,183435,65
7EDEbNBsxgsTOfrOifN37a,0.73,0.534,-5.753,0.0282,0.468,0.0,0.168,0.467,124.933,209907,65
1o5WgxPWvoVgo20DQItKOE,0.689,0.687,-7.832,0.0376,0.0677,0.0,0.0805,0.248,109.986,239027,65
6F7UOC6fPWOkPqybOWBHSv,0.575,0.644,-5.68,0.0309,0.271,0.0,0.131,0.626,80.07,195013,65
2Qt8qG9SWPdtRiaWcPNJRm,0.735,0.446,-10.232,0.109,0.0071,1.93e-05,0.173,0.121,150.915,199093,65
13HsOwrwTA5HgLuoaDHncP,0.665,0.469,-7.778,0.13,0.565,0.000317,0.219,0.142,115.852,229565,65
7MbVZOLSUloG4J3nH3Tnos,0.661,0.699,-5.548,0.0286,0.00977,0.000427,0.106,0.717,126.001,241194,64
6HsXpHn2s6S9arU3Wy7ndc,0.443,0.518,-6.373,0.0266,0.603,0.00225,0.0984,0.323,185.764,180787,64
4MDYIbU6I29Gjiu7JATTIJ,0.529,0.755,-5.864,0.125,0.222,0.0,0.0986,0.528,96.86,174360,64
2xlOJSbScxrHHOmlNmILpD,0.728,0.623,-8.066,0.305,0.0391,0.0,0.214,0.805,145.973,171781,64
6P5ulGKtC4x6RnFbzfpq8O,0.838,0.573,-5.667,0.275,0.0496,0.0,0.121,0.687,160.963,93799,64
1xMvdOFQaql3EBkHmuh2TK,0.893,0.565,-4.74,0.268,0.0754,0.0,0.0375,0.808,81.009,156432,64
7nD5MiXspW533xaREDma2N,0.656,0.537,-6.687,0.0706,0.0309,0.0,0.104,0.15,144.04,216667,64
2AhAhd9BiyydtKq2hMdb7Q,0.873,0.265,-9.377,0.553,0.00109,0.0,0.132,0.106,119.93,96133,64
1oPdIqXhjswpTnA5PPQs0K,0.673,0.748,-6.1,0.365,0.255,0.0,0.236,0.716,139.667,181714,64
3pVs5Zehts89WLyBPiYfxG,0.432,0.784,-3.506,0.0347,0.00561,3.35e-05,0.222,0.41,75.999,244430,64
28JEFSyc3hjkHN4LpolsXt,0.595,0.671,-7.301,0.321,0.000108,0.0,0.325,0.566,160.234,168250,64
3ZimQXLwfwW5YZpQmPTwLb,0.708,0.556,-9.086,0.0324,0.00675,0.000211,0.212,0.455,115.563,136253,64
3h3NKhcfHkr6GvEpC3FRI5,0.685,0.515,-8.666,0.291,0.548,0.0,0.119,0.299,162.071,131968,64
4tB6ApBRk7JEBKet5mRFF3,0.888,0.407,-10.158,0.487,0.157,0.0,0.0914,0.751,77.031,176160,64
2tijppLc0gaWA2AfPDANvq,0.636,0.886,-4.76,0.0433,0.347,0.0,0.171,0.589,140.888,168180,64
3VvPREisNL7yBoePVbLbyZ,0.489,0.515,-9.14,0.0348,0.662,3.84e-05,0.115,0.37,91.25,172587,64
0ewKJ6eM0Z761OissISTW7,0.602,0.475,-10.29,0.0279,0.0635,0.00184,0.0918,0.595,119.991,161733,64
080BnzVFYXgNR6f4jtyzkP,0.751,0.517,-8.374,0.214,0.0332,0.0,0.129,0.449,77.051,174533,64
0VYchQkqpeEyh95D1pWqy2,0.838,0.634,-7.018,0.258,0.101,0.13,0.143,0.526,163.0,176683,64
3lFwSDBCNo3CcN09UppUnm,0.658,0.783,-4.615,0.113,0.0798,0.00018,0.187,0.491,126.027,202246,64
0BFGDkrXAneskCJdudSCro,0.736,0.532,-7.151,0.265,0.0292,8.86e-06,0.0806,0.273,84.983,165773,64
47fyYjbsfq48e3fUys4Xaa,0.686,0.566,-5.977,0.0423,0.254,0.0,0.11,0.542,146.042,203381,64
3LLezpquftwn7QI1rYIovM,0.322,0.48,-5.989,0.0492,0.746,0.0,0.113,0.304,73.476,154027,64
1aFP0G0GHQAAH9gfC95wT1,0.763,0.805,-2.694,0.395,0.0228,0.000154,0.0776,0.402,167.978,123571,64
19s7W71y7IZDAn6X2mnCqr,0.889,0.354,-14.455,0.315,0.0186,0.0,0.0557,0.649,160.023,158158,64
4Qum1kECNQrpREev5fvAQ4,0.492,0.708,-4.639,0.0334,0.0975,0.0,0.12,0.697,161.989,203037,64
3v0x0ScI9wcUlPZIdfRETf,0.605,0.444,-7.223,0.141,0.0185,0.0,0.297,0.115,172.26,248372,64
2jB7EAkahL97QysjRYecTS,0.472,0.701,-4.563,0.0369,0.0387,0.0,0.107,0.515,79.805,169440,63
6f40eqAkAtDKodipTfThZc,0.63,0.836,-4.591,0.0438,0.541,0.0,0.312,0.818,92.98,162667,63
794Mb38wHT0cH0SxlNuyKD,0.644,0.459,-9.183,0.0509,0.000175,2.84e-06,0.346,0.126,134.064,132733,63
4jp9FimhP2bQ93vR0A5r7b,0.523,0.64,-6.15,0.0295,0.0512,5.52e-05,0.0675,0.48,144.022,230227,63
2f2WskmLwsLtGkjntD8NG7,0.657,0.496,-7.346,0.0889,0.213,0.0,0.12,0.352,146.061,157845,63
6ybZUqlfk938oS6WeBmDab,0.385,0.787,-2.891,0.0318,0.0211,4.32e-06,0.136,0.337,152.251,255125,63
5D7PM5yNiHKnU85Y055vvb,0.554,0.752,-4.286,0.0249,0.16,1.4e-06,0.122,0.616,140.042,185133,63
5VxBLZn5wWP6adTZNOakY5,0.649,0.687,-8.762,0.0357,0.00058,0.000168,0.167,0.32,140.026,165627,63
7nERlpaH7QghaO7jC60Xtu,0.505,0.627,-7.851,0.0273,0.423,7.4e-05,0.0755,0.296,141.881,231266,63
08ZZ7SILfKcreLtA3K6Gqr,0.747,0.725,-8.517,0.215,0.2,0.197,0.0688,0.799,119.942,171938,63
1iyE0UwRtLUBf9OqLfFGSp,0.681,0.726,-5.1,0.0453,0.162,0.0,0.119,0.819,84.979,176729,63
1tmsPlyvzDETLv08Wp5cuY,0.773,0.608,-6.117,0.223,0.616,0.0,0.0966,0.475,79.002,189852,63
4N3IheRvS1NzWBPQ3Fvb6r,0.453,0.7,-4.741,0.038,0.131,0.0,0.186,0.447,164.173,194760,63
3wcds7r4xA9klfbPr81gK7,0.811,0.355,-9.808,0.0926,0.27,0.00113,0.0995,0.435,88.031,165000,63
20WKHeDTmtU0Zj4sNB8aoA,0.611,0.756,-4.483,0.0288,0.0587,0.0,0.378,0.596,106.012,167376,63
4r3XQQZyf8p30M8fFkZJDa,0.504,0.4,-7.108,0.0231,0.438,0.000129,0.16,0.435,85.023,202235,63
77oKig47u34qCCFWKMfu1e,0.635,0.747,-6.227,0.0293,0.00313,0.0,0.346,0.753,104.027,189560,63
44hl2RbZmDBBRYeQGbtiet,0.792,0.594,-9.068,0.257,0.567,0.0,0.0988,0.402,128.053,185574,63
3Gyl1BvC41QD8rXEMfSQWY,0.491,0.773,-4.545,0.0328,0.0199,0.0,0.139,0.296,85.964,256133,62
0IlYvLvA257FhOau31pOK8,0.558,0.546,-5.36,0.0261,0.234,0.0,0.227,0.4,135.918,238933,62
2FvBUDp5hbcA9JbNwXCZ1A,0.45,0.366,-7.535,0.239,0.727,1.21e-06,0.0668,0.134,96.756,216873,62
5OW5ozTTkRJEqJj7UZfAQc,0.672,0.682,-6.828,0.411,0.0825,0.0,0.145,0.729,84.587,136200,62
0bsEd30Ho08d9SD4LXrzXX,0.747,0.804,-9.534,0.269,0.25,0.0,0.581,0.566,139.977,209143,62
2NK6dtSujGIyilnEgbw8MX,0.505,0.63,-5.758,0.0274,0.572,0.0,0.121,0.247,85.036,229747,62
1KYw86zGpAE1Cvl734nlrT,0.363,0.789,-5.397,0.0469,0.00206,0.0,0.113,0.345,161.798,287533,62
1Fhb9neDPyEyTaZZ3qmIn4,0.722,0.413,-9.531,0.13,0.00919,0.0,0.118,0.17,74.969,160000,62
6YF39hgvXdooA2B3bbgWT6,0.768,0.5,-7.217,0.62,0.373,0.0,0.145,0.401,79.948,174145,62
